arm,seed,channel,params,width_mult,mae,dsc,iou,sens,spec,assd,hd95
B,0,lung,7762498,1.0,0.06848974912944768,0.9940635718254568,0.9882257185271908,0.9925946669357649,0.9988731062057687,0.07614784970831473,0.6771228154510354
B,0,heart,7762498,1.0,0.04375838213600218,0.9695668600712246,0.9414657101974184,0.978926816443995,0.9970487214820847,0.30983651806406964,0.9952708833629086
B,1,lung,7762498,1.0,0.06596791962575581,0.9937016109706716,0.9875111063866989,0.9899396714582013,0.9993821146319652,0.08052012326589117,0.6972855339059322
B,1,heart,7762498,1.0,0.04692850993790974,0.971955130425025,0.9458344229390494,0.9699975525511522,0.9981075481173262,0.28654114296621086,0.9921714666212368
B,10,lung,7762498,1.0,0.08758142278012303,0.9921776299749177,0.9845159563711671,0.9972731619115608,0.9968930081986171,0.10068275100951309,0.824442049452402
B,10,heart,7762498,1.0,0.06884145710824265,0.9664366817169467,0.9356156544362877,0.974007126918484,0.9969697598062579,0.3364637027278651,1.0325885044274352
B,11,lung,7762498,1.0,0.07479697477279437,0.9943532910083175,0.9887926819432171,0.9950394209036587,0.9984339446602746,0.07288991605735336,0.6201388888888884
B,11,heart,7762498,1.0,0.04828596921223733,0.9684911647706981,0.9393787312054503,0.9604424416066514,0.9983324701323071,0.31831609783185383,1.0173576037264698
B,12,lung,7762498,1.0,0.10314701154000229,0.992473129089517,0.9851113126407547,0.9955941470491793,0.997473892676159,0.09582949513921513,0.8109708192683652
B,12,heart,7762498,1.0,0.06167516714582841,0.9626882036681397,0.928651930715232,0.9496488464976223,0.9983423811071592,0.37124339174725624,1.0674472205465042
B,13,lung,7762498,1.0,0.0638402400434845,0.9944661327068025,0.9890139773101273,0.9944052490073518,0.9986769153761215,0.07163093963803016,0.6231944444444438
B,13,heart,7762498,1.0,0.04451008042217129,0.9719369803077654,0.9459131343722138,0.9670863708159563,0.9983477400386152,0.2840803772011769,0.9817654525391982
B,14,lung,7762498,1.0,0.06723782817005283,0.9939806183216735,0.9880561573681016,0.9937992835689844,0.9985520257952692,0.07807423403744608,0.6874005932288137
B,14,heart,7762498,1.0,0.04821539210259086,0.9698187633960916,0.9418635533225774,0.959055648773586,0.9986502169134617,0.3036641084627218,1.0038449073483589
B,15,lung,7762498,1.0,0.06707053834365474,0.9940307433417814,0.9881501966500918,0.9963865520910579,0.9979264917759091,0.07786028778941033,0.7098611111111106
B,15,heart,7762498,1.0,0.0457233431076424,0.9706034402045731,0.9433562111206631,0.9646953474033356,0.9983236636340226,0.29798213527930784,1.012719837200666
B,16,lung,7762498,1.0,0.07282477117971414,0.9941334326462576,0.9883536794968864,0.9949395859141258,0.9984142346228371,0.07589518093427296,0.713055555555555
B,16,heart,7762498,1.0,0.0507148040820741,0.9705013544601365,0.943122444297156,0.9633007448399026,0.9984169456157841,0.29812360453358766,1.0023787477391777
B,17,lung,7762498,1.0,0.0890309679425425,0.9926771688896572,0.9854905060379461,0.9907791782874129,0.9986795140854696,0.09421580807907388,0.8521745630902067
B,17,heart,7762498,1.0,0.06448216865149638,0.9619046571677441,0.9274569433202912,0.9414291110133826,0.9988925159971542,0.3743394195618807,1.0763922361429772
B,18,lung,7762498,1.0,0.07083065447707972,0.9931410262335687,0.9864016502020759,0.9884109585486571,0.9994904314527269,0.08793890442599393,0.7808333333333329
B,18,heart,7762498,1.0,0.052739332197234035,0.967836140466307,0.938174481937902,0.9620147267249947,0.9981071857023279,0.3282904232458555,1.022725619222936
B,19,lung,7762498,1.0,0.0664687410566128,0.9944342433901552,0.9889491881114291,0.9962443608778841,0.9981851124104089,0.07217490223212024,0.6404166666666659
B,19,heart,7762498,1.0,0.044668452744372186,0.9698688096039332,0.9420391172570971,0.976795989431146,0.9972551252112933,0.30807582974577025,1.008960958709426
B,2,lung,7762498,1.0,0.0843217024165723,0.9928621203463559,0.9858571623866282,0.9882829818460733,0.9994010658148217,0.09150776944881867,0.8027876483072032
B,2,heart,7762498,1.0,0.07396215281656218,0.9589238627282008,0.922124927675244,0.9431103169912676,0.9983331062333987,0.40298716282307967,1.1270219659498546
B,20,lung,7762498,1.0,0.09637741073966026,0.9930894942775059,0.9862998043910671,0.9923739113124551,0.9985063294849416,0.08879090698122266,0.7811111111111106
B,20,heart,7762498,1.0,0.07827231803288062,0.962268424070993,0.9278248704041087,0.9585118299012668,0.9975606430998236,0.3785579765224992,1.0583154588292887
B,21,lung,7762498,1.0,0.06307385534358521,0.9946011382011872,0.989276362916378,0.9933232962831686,0.9989806545831289,0.06985352690911294,0.6402777777777773
B,21,heart,7762498,1.0,0.04376386452931911,0.9729674513299321,0.9478093104461262,0.9659720982716512,0.9985761921910576,0.27494333980398644,0.9875496432083859
B,22,lung,7762498,1.0,0.08513146501241459,0.9926934875035581,0.9855383816720421,0.9900090552162317,0.9988698937369405,0.09269361813132995,0.7939334515519328
B,22,heart,7762498,1.0,0.0708141743308968,0.955467599820543,0.9154198605849948,0.9359443519330635,0.9983412006101187,0.44054548486293815,1.17467539499784
B,23,lung,7762498,1.0,0.08767549069598317,0.9925147430895006,0.9851846143931011,0.9931690710022489,0.9981315618201756,0.09594140718929481,0.7776783710065915
B,23,heart,7762498,1.0,0.055551898572593926,0.9667146080454064,0.9360240219297922,0.9707863595975356,0.9972583701798565,0.33755877365126685,1.021565155464696
B,24,lung,7762498,1.0,0.07243728147198757,0.9939436571440322,0.9879805826142195,0.9927779138335606,0.9988296036344397,0.07863806749939976,0.7276388888888883
B,24,heart,7762498,1.0,0.05531658659068247,0.963499341826585,0.9303857132350417,0.9605428880742524,0.9975932229708023,0.36540124779950334,1.0627719559793687
B,25,lung,7762498,1.0,0.08587694443348382,0.9920687366781848,0.9843059926414283,0.9928038636385763,0.9979798636287173,0.10116771581838609,0.8559092010997688
B,25,heart,7762498,1.0,0.05324020737057759,0.9634466106137719,0.9300773433640588,0.9399124018226045,0.9992191781630614,0.36331278738297035,1.0589014051954746
B,26,lung,7762498,1.0,0.07126643929837478,0.9937091849847206,0.9875299739616019,0.9908485938119139,0.9991836094104304,0.0809593109018798,0.6907734086798499
B,26,heart,7762498,1.0,0.05707421170858045,0.9702601529771073,0.9426778060734164,0.9707756046792839,0.9977963819421799,0.3036406535698773,1.0065502043899288
B,27,lung,7762498,1.0,0.07984436913393438,0.994155291733206,0.9884013587926846,0.9924846245813748,0.9990005880578888,0.07544588123760557,0.6936111111111104
B,27,heart,7762498,1.0,0.05107209516896142,0.9686500861061467,0.939692835621794,0.9743492334634215,0.9972734094951804,0.32109058628941145,1.0094940876528302
B,28,lung,7762498,1.0,0.09744475631871158,0.9929298006689019,0.9859891551710419,0.9935285838962867,0.998174620568221,0.09077880708491443,0.7939225889843214
B,28,heart,7762498,1.0,0.06847484906514485,0.9547793405756655,0.9141926812315678,0.94689351183201,0.997359975968956,0.44376083346245154,1.1522233832389717
B,29,lung,7762498,1.0,0.059124684933986926,0.9949072111800032,0.9898808826033098,0.9938448427736767,0.9990278075064501,0.06629778245916158,0.609444444444444
B,29,heart,7762498,1.0,0.0447439854628303,0.9731789653254033,0.9481819381516418,0.969159387414369,0.9983610148321213,0.2731323919484936,0.9830803771597485
B,3,lung,7762498,1.0,0.09450791706848476,0.9925763281685985,0.9852856833874291,0.990029919707872,0.9988608729262448,0.09636053438158815,0.8736111111111111
B,3,heart,7762498,1.0,0.061462175639139284,0.9689824640011816,0.9402615197292951,0.9622047619073547,0.9982734364993736,0.3131916213324654,1.007468283980938
B,30,lung,7762498,1.0,0.08066962983252274,0.9933226955681647,0.9867733030692275,0.9925184073727378,0.9985957330542541,0.08534260588938337,0.7337887806407741
B,30,heart,7762498,1.0,0.05035115896672424,0.96827957125675,0.9389995723715512,0.959812569471558,0.9983645820197699,0.31914005914096044,1.0209911570691528
B,31,lung,7762498,1.0,0.1113312579277489,0.991349441741454,0.9828969007576736,0.9874101453428706,0.9988525861193066,0.10973862109776182,0.8834674322381375
B,31,heart,7762498,1.0,0.06964112310152915,0.9591692369074435,0.9221996117762807,0.9465602679793718,0.9980320837271879,0.4096592763403276,1.1788306985526549
B,32,lung,7762498,1.0,0.09042951564511491,0.992621230140432,0.9853895335892427,0.9911569155261535,0.9985063147108512,0.09403239245458637,0.809300765571471
B,32,heart,7762498,1.0,0.06148901242348883,0.962836913347686,0.9290190542017833,0.972271765599181,0.9965396668560962,0.37717560572595626,1.044668741291798
B,33,lung,7762498,1.0,0.07809751170376937,0.9936212130202488,0.9873449510830502,0.990959087828242,0.9991036770094234,0.08235532368591222,0.7498611111111106
B,33,heart,7762498,1.0,0.05590455565187666,0.9662483198988083,0.9352538453742109,0.9651427623033284,0.9976321216336278,0.34344644666007945,1.0140635425278564
B,34,lung,7762498,1.0,0.09006150318309665,0.9931359199095451,0.9863896309972225,0.9945073469106345,0.9979593251571799,0.08878933491879264,0.8161111111111107
B,34,heart,7762498,1.0,0.05179196549579501,0.9673202204538756,0.9372381760781855,0.9554189134944561,0.9985755472856426,0.3293280364221803,1.0202150472165818
B,35,lung,7762498,1.0,0.06897778612975446,0.9939070494796037,0.9879154433269246,0.9921566518661258,0.9989180604562294,0.07831433855471456,0.6790277777777771
B,35,heart,7762498,1.0,0.05300186229869723,0.9709084654220946,0.9438506362287099,0.9752652545552614,0.9975408176955363,0.2950577307854988,1.0003322109702482
B,36,lung,7762498,1.0,0.06780139898570875,0.9942712306314775,0.9886261356050543,0.9956713462743165,0.9982960173729973,0.07430928764010718,0.6787499999999996
B,36,heart,7762498,1.0,0.04586982765855888,0.9708100266561511,0.9437911860688307,0.9697556710877614,0.997959430388969,0.2954883310101244,0.9931480679118724
B,37,lung,7762498,1.0,0.07872037511939804,0.9931219173634328,0.9863651551924736,0.9905982861500663,0.9989282685602973,0.08834667016975298,0.7847222222222219
B,37,heart,7762498,1.0,0.05522961829685503,0.9673427565255344,0.9372277391444925,0.9591643789895269,0.9982676508951372,0.32976183323933955,1.0353226310020798
B,38,lung,7762498,1.0,0.10380337627397643,0.9912570889657755,0.9826956694139369,0.9882066554829448,0.9986829557736999,0.11252678504872263,0.943611111111111
B,38,heart,7762498,1.0,0.0899852524821957,0.9466757090834499,0.9005422326427496,0.9089058428301692,0.9992511763656549,0.51334101698175,1.242595408918595
B,39,lung,7762498,1.0,0.07421758204388122,0.9941403237893065,0.9883710640450889,0.9934773402812591,0.9987047456998486,0.07518249004722392,0.658491963281073
B,39,heart,7762498,1.0,0.04884961509766678,0.9682970263872297,0.9390001819501922,0.961187492126711,0.9982582796545254,0.31979717610021563,1.0129887364872037
B,4,lung,7762498,1.0,0.0628086445439193,0.9943838094612598,0.9888543720259078,0.9927757432538913,0.9990181592072697,0.07231420331442649,0.6584722222222219
B,4,heart,7762498,1.0,0.043486261326405734,0.9743700906958278,0.9504318096294012,0.9688087310901594,0.9985675478933668,0.2614119166056317,0.9628420814996737
B,40,lung,7762498,1.0,0.07459234157059756,0.9938258174375556,0.9877515961023132,0.9920086695109489,0.9989353460362352,0.07959407932435086,0.7026388888888886
B,40,heart,7762498,1.0,0.051062890773432124,0.9679565988226528,0.938450755642441,0.9661235452109181,0.9978226213778499,0.3237693324384578,1.0095805274256202
B,41,lung,7762498,1.0,0.08541508676070306,0.9929997400281656,0.9861343881364093,0.9929860246532755,0.9982621422080556,0.0898278415246376,0.7848644981413385
B,41,heart,7762498,1.0,0.05446650633174512,0.963412132941101,0.9299983733264892,0.9670890851629533,0.9970469652266003,0.3711410900898479,1.0764156443265938
B,42,lung,7762498,1.0,0.06767950743022892,0.9941199290484131,0.9883262452579266,0.9915741893186302,0.9992068736347538,0.07619874678719488,0.7272222222222218
B,42,heart,7762498,1.0,0.04678350679265956,0.971459940861104,0.9450049453031898,0.9694610218894624,0.9980793036333862,0.2893979284228287,1.0029727933742507
B,43,lung,7762498,1.0,0.1015163963039716,0.9931523397538323,0.9864274294040837,0.9963342502186268,0.9975266751767072,0.08823761549458581,0.7628921356237306
B,43,heart,7762498,1.0,0.055429669495465024,0.9640316226737428,0.9313454841705144,0.9470068923387502,0.998765991594273,0.3581985498452051,1.0649900896944349
B,44,lung,7762498,1.0,0.0743695222824398,0.9946016064303601,0.9892800981355205,0.9942862621183066,0.9987398364307009,0.0696934168802726,0.621805555555555
B,44,heart,7762498,1.0,0.053469524284203845,0.9699489520505281,0.9423126194603376,0.9731224173831357,0.9975396566955308,0.30782280637472564,1.0350576908179892
B,45,lung,7762498,1.0,0.08411966391528646,0.9929459879403703,0.9860322412669906,0.9948514454396259,0.9978726031691719,0.09043495654759377,0.7428131713883245
B,45,heart,7762498,1.0,0.056388509379596344,0.9633996872085531,0.9300970940055044,0.9482473572661967,0.9985520625446965,0.369097950471123,1.1287022205135717
B,46,lung,7762498,1.0,0.07584632873638636,0.9937983863170097,0.9876939188521028,0.9913523953748654,0.9990941874197508,0.07997428172030589,0.7116666666666659
B,46,heart,7762498,1.0,0.06951392044623693,0.9597392005625953,0.9235783604270196,0.9451591382677542,0.9982634542221658,0.40074699416920667,1.0839743774256279
B,47,lung,7762498,1.0,0.08131582549669676,0.9937871141038663,0.987676001753384,0.9942931117629092,0.9983835106105284,0.08022372262292639,0.6983333333333325
B,47,heart,7762498,1.0,0.06025216593407094,0.961114352331371,0.9261403378825283,0.9619023958471723,0.9970924096081933,0.3939220470916919,1.1301170901963076
B,48,lung,7762498,1.0,0.06267792647704482,0.9948219009907844,0.9897147243219268,0.9936161534461316,0.9990202549651315,0.06732111752354862,0.6041666666666659
B,48,heart,7762498,1.0,0.04234471587567694,0.9730657571935188,0.9479926481364935,0.9746815531936092,0.9979173006226435,0.27572089293527385,0.9890314553692627
B,49,lung,7762498,1.0,0.06556811837169031,0.9943497995986544,0.988780148224412,0.9937522353183591,0.9988011365277566,0.07334640335600162,0.6622222222222217
B,49,heart,7762498,1.0,0.05006398041215208,0.9682296209592617,0.9389542248489927,0.9584790986681955,0.9984576373323131,0.31862705561509663,1.0100356841718043
B,5,lung,7762498,1.0,0.06649868246685299,0.993852889674809,0.9878057139390042,0.9966641720143804,0.9978038152693096,0.07960635697983995,0.6870833333333329
B,5,heart,7762498,1.0,0.04899611210760971,0.9711256979393975,0.9444078911441915,0.9655967659758886,0.9983374866094534,0.2934523837141083,1.0022323833129052
B,50,lung,7762498,1.0,0.08133397840687798,0.9929117553702469,0.985956931666611,0.9913670020425586,0.9986772791036956,0.09053362817508276,0.8035273568916202
B,50,heart,7762498,1.0,0.05629331069584522,0.9670172338581059,0.9367881613609153,0.9552602088309363,0.998545690434097,0.32936080906323056,1.0338803815371802
B,51,lung,7762498,1.0,0.07246613579077853,0.9939093869402149,0.9879171261843175,0.9951111678881517,0.9981739348603773,0.07891103604621968,0.7057512726289564
B,51,heart,7762498,1.0,0.053395411116071045,0.967679979996274,0.9379446590060474,0.9558704572955801,0.9985922108284251,0.3234007801332381,1.0339629569887934
B,52,lung,7762498,1.0,0.07480323450743324,0.9924515091271824,0.98505495603384,0.9950267038207482,0.997648237391079,0.09696702842334066,0.8019937970915729
B,52,heart,7762498,1.0,0.05345511363508801,0.9680553739374937,0.9385249308533464,0.9534658508139083,0.998822067181431,0.3207009460317467,1.026792468202746
B,53,lung,7762498,1.0,0.07819341195022894,0.9926723465566915,0.9854837072518847,0.9911572928624944,0.9985440769116454,0.09418250150157167,0.8225789642354054
B,53,heart,7762498,1.0,0.051802217396390106,0.96591672986125,0.9348495841008315,0.95532752670837,0.9983959273706718,0.33776974910617874,1.0418829187372667
B,54,lung,7762498,1.0,0.06976357279345394,0.9937278161818,0.9875607836965263,0.9903776840334342,0.9992933473469745,0.08074016735895402,0.7165277777777775
B,54,heart,7762498,1.0,0.054327734963347515,0.9693219022990583,0.9410289930408624,0.956141559254192,0.9988140774454223,0.3083665199160098,1.0347185048545977
B,55,lung,7762498,1.0,0.10541673543759518,0.9901219487300861,0.9805054856075612,0.9960916038380214,0.9961833205896824,0.12437283825165864,0.9046486290934148
B,55,heart,7762498,1.0,0.08612673851764864,0.9487924581487653,0.9030164570741955,0.9383675782368074,0.9971281064513177,0.5053123697672793,1.1491851352023659
B,56,lung,7762498,1.0,0.08552802090222637,0.9931728350203997,0.9864615867182221,0.9938568600163727,0.998168924855776,0.087636413211107,0.8113888888888886
B,56,heart,7762498,1.0,0.05922188259040316,0.9651859871121041,0.9332088434172824,0.9724716729778777,0.9968823752910883,0.349788606839335,1.0651896852920089
B,57,lung,7762498,1.0,0.11747865024954081,0.9898123689002186,0.9799154544838224,0.9918032740800788,0.9972364825755152,0.12846536954062276,0.8865015001440191
B,57,heart,7762498,1.0,0.08591121963432266,0.9584782638537038,0.9211640345153478,0.9693880799092568,0.9960587791204938,0.4098108822522043,1.1137753941894102
B,6,lung,7762498,1.0,0.07650151140987874,0.994154467581226,0.9883973142056532,0.9951055354804746,0.9983115816939235,0.07589445788413048,0.7059722222222214
B,6,heart,7762498,1.0,0.050387451557132104,0.9685315630888099,0.939416004342018,0.9675753442240161,0.9977857498436973,0.31985513373523566,1.0222160292842815
B,7,lung,7762498,1.0,0.07695962625762655,0.9932897407985346,0.9866933804402953,0.9910682466880356,0.9989209691299964,0.08653748208875979,0.7636111111111106
B,7,heart,7762498,1.0,0.06831551090193291,0.9622706255266085,0.9284115504357364,0.9554707035890974,0.9977620248632306,0.3803528313986817,1.1073502573421523
B,8,lung,7762498,1.0,0.06908179168692893,0.9942141597387996,0.9885168536299592,0.9922550876751053,0.9991014391023388,0.07505968979169228,0.6526783710065911
B,8,heart,7762498,1.0,0.04912365896420346,0.97122316475568,0.9445800428310435,0.9609559485915153,0.9987166741130346,0.29035392991262604,0.9947003767325858
B,9,lung,7762498,1.0,0.09703263159220417,0.9897163282199463,0.9797207856267407,0.9817784732728233,0.9994642532233708,0.12857013111138726,0.8872817359600339
B,9,heart,7762498,1.0,0.07679788140683538,0.9595299382251985,0.9228761717271033,0.9430107893279525,0.9983861318126073,0.3978618692264121,1.1473405785563326
B_wide,0,lung,10743738,1.53125,0.06295898012920387,0.9949238385304711,0.9899165466559208,0.9946303464774467,0.998837285597027,0.06594625339869897,0.5611505932288133
B_wide,0,heart,10743738,1.53125,0.043243289394821555,0.9729616411563508,0.9477959003934254,0.9650667207894617,0.99865181691531,0.273895225834047,0.9846782406816922
B_wide,1,lung,10743738,1.53125,0.06851253560226825,0.9941471304299407,0.9883826497834789,0.9932677369884358,0.9988224011997046,0.0758003275628796,0.6972222222222216
B_wide,1,heart,10743738,1.53125,0.04851291145508488,0.9682067432293471,0.9390218642428784,0.9647122253707077,0.9979736935977753,0.31844472194081425,1.0301534290479852
B_wide,10,lung,10743738,1.53125,0.07057191897183657,0.9945701599459331,0.9892158676901484,0.9951225110254972,0.9985597762450681,0.07052302968285541,0.6551388888888879
B_wide,10,heart,10743738,1.53125,0.048365104030300345,0.9682979474152675,0.9391223028208243,0.961970522400071,0.99820491986902,0.319855996900791,1.0237336734739417
B_wide,11,lung,10743738,1.53125,0.09799308560581671,0.9929520033543204,0.9860396525175018,0.9905171328735323,0.9988936405807894,0.09062971171523182,0.7999080687661972
B_wide,11,heart,10743738,1.53125,0.07038301000785496,0.9656572517494852,0.9340603631552842,0.9570560505245557,0.9981877338497678,0.34332001695645614,1.0299107543194974
B_wide,12,lung,10743738,1.53125,0.08762607280578878,0.9933524143419564,0.986818105193278,0.9906559343818233,0.9990401239786177,0.08565027889915863,0.7802777777777774
B_wide,12,heart,10743738,1.53125,0.05534324857095877,0.9587107478406365,0.9216101347232549,0.9317124720813679,0.9992010804892207,0.40569398080896585,1.0894045116349313
B_wide,13,lung,10743738,1.53125,0.10340057676658035,0.9896738364417514,0.9796385694972651,0.994300244328819,0.9964282783744633,0.1283483909796939,0.9362212600954946
B_wide,13,heart,10743738,1.53125,0.06644124337989422,0.9459710891783905,0.8986794457229775,0.9181952781005698,0.9983816497940391,0.5146159725283751,1.2661258423717416
B_wide,14,lung,10743738,1.53125,0.0765943428242786,0.9931365802764712,0.9863915435864076,0.9925560020046624,0.9984760696638421,0.08860829459046839,0.786666666666666
B_wide,14,heart,10743738,1.53125,0.0588038491550833,0.9628544733279818,0.9290055411865366,0.9394083207535285,0.9991736360682663,0.37020356896653694,1.0580449437730624
B_wide,15,lung,10743738,1.53125,0.0736714599498858,0.9940617092038536,0.9882213091413552,0.994228176654999,0.9984656929203946,0.07656198419279063,0.6593450376732581
B_wide,15,heart,10743738,1.53125,0.04955244287331071,0.9709094536197349,0.9439939561974041,0.9623371310346881,0.9985558425172122,0.29455479687120073,0.9939289521291067
B_wide,16,lung,10743738,1.53125,0.08440394740965632,0.9924908926737729,0.9851397016896475,0.989010749728764,0.9990186160861014,0.09524737617709203,0.8009895682890311
B_wide,16,heart,10743738,1.53125,0.07108431174937221,0.9604341115730105,0.9250169330273799,0.9723931656700648,0.9960868090696867,0.39886262410785317,1.094937417808781
B_wide,17,lung,10743738,1.53125,0.0745483898350762,0.9934855521724271,0.9870783639739765,0.990253213265385,0.999217552300983,0.08452841145592828,0.7722222222222219
B_wide,17,heart,10743738,1.53125,0.05608706930652261,0.9667560172742292,0.9361976171357371,0.9572315899102588,0.9983368324121811,0.33636180231564017,1.0388942335098925
B_wide,18,lung,10743738,1.53125,0.08098161823323204,0.9932805690675796,0.9866759009863466,0.9928041294982992,0.9985092625666419,0.08658132308573117,0.7788888888888885
B_wide,18,heart,10743738,1.53125,0.05961549736869832,0.9466740583505848,0.9004762115844822,0.9108252496896603,0.9991568684835277,0.5107452539294641,1.2483302279366362
B_wide,19,lung,10743738,1.53125,0.09461781040040983,0.9928398897023804,0.985808040579428,0.9913352257614942,0.9986579978530383,0.09199986124521489,0.8379166666666661
B_wide,19,heart,10743738,1.53125,0.0782867679786351,0.9588132820415732,0.9219245764424077,0.953169782566562,0.9974904213691536,0.4173217366037563,1.1689249314136534
B_wide,2,lung,10743738,1.53125,0.08555420814082026,0.9908705617730333,0.9819434203946934,0.9915568117089628,0.9976972342067724,0.11645336512729329,0.9460644440172815
B_wide,2,heart,10743738,1.53125,0.06100788611090845,0.9551445779871138,0.9148718392805029,0.9233601227758556,0.9993202553804854,0.4416616672187383,1.124904880861804
B_wide,20,lung,10743738,1.53125,0.07834341041743756,0.9935069489962768,0.9871245966798424,0.9917171123767108,0.9988826809736763,0.0834534209674895,0.7263888888888883
B_wide,20,heart,10743738,1.53125,0.05223064626722286,0.9676035266470512,0.9379281252007619,0.9644271683280156,0.9979024530193997,0.3243861610448883,1.0305833532743054
B_wide,21,lung,10743738,1.53125,0.10869552435146437,0.9921869871109532,0.9845231900322765,0.9893987178743239,0.9988556177795365,0.10056899886569454,0.891111111111111
B_wide,21,heart,10743738,1.53125,0.08607361557789975,0.9621502551450861,0.9275706055697207,0.9614320286508985,0.9973039544623158,0.3798708771944227,1.061288240320395
B_wide,22,lung,10743738,1.53125,0.07396690115953485,0.9941799401854725,0.9884602204827211,0.9923982393043106,0.9990064385102301,0.07445038615159666,0.6444042608498123
B_wide,22,heart,10743738,1.53125,0.04757286527763224,0.972261161227899,0.9464400957524011,0.9646890715007382,0.99856544368671,0.28228191183455364,0.978313882835739
B_wide,23,lung,10743738,1.53125,0.07754998757607406,0.9941842209709573,0.9884551726911357,0.9935651822572661,0.9987372371960255,0.0753107160594551,0.7155555555555548
B_wide,23,heart,10743738,1.53125,0.05071330677407483,0.9655248382355717,0.9339012665600346,0.9736263850385953,0.9968438483904505,0.35212441391855304,1.0202528358191711
B_wide,24,lung,10743738,1.53125,0.10447559138346049,0.9936131660777497,0.987336888631247,0.9936809770347312,0.9984650698560129,0.08160992112626987,0.7053172598954803
B_wide,24,heart,10743738,1.53125,0.05908294008113444,0.9621313394358451,0.9276605743608205,0.9760823616909288,0.9961313430601204,0.38165710432219596,1.0701600737037318
B_wide,25,lung,10743738,1.53125,0.08515314492914412,0.9922920874232158,0.9847415896819299,0.9948087841482984,0.9974535779021505,0.09894066490821764,0.81042414220405
B_wide,25,heart,10743738,1.53125,0.07560338389335407,0.961808390847825,0.927163552621832,0.9493177188564483,0.9982231614057776,0.3811650217335141,1.0934149433458995
B_wide,26,lung,10743738,1.53125,0.07104920821471347,0.9946414607067924,0.9893571200129813,0.9949342536404727,0.9985815490073227,0.0694353642999384,0.6307339265621468
B_wide,26,heart,10743738,1.53125,0.04755831652890063,0.97200406697376,0.9459878993853152,0.9636852832449427,0.9986163111794185,0.28531361303144515,1.0010283489298064
B_wide,27,lung,10743738,1.53125,0.09824944629540874,0.9922866408380122,0.9847217564366813,0.9945384727401689,0.9975865571835935,0.09927386669681036,0.8718845197909612
B_wide,27,heart,10743738,1.53125,0.0726468505958716,0.9586939584525779,0.9217588304109468,0.9415117496611489,0.998310985089341,0.41331755737670595,1.1392566030933178
B_wide,28,lung,10743738,1.53125,0.060849831377466516,0.9949184111726914,0.9899042911798509,0.9949771922007544,0.9987352271048463,0.06587628868923588,0.5819444444444435
B_wide,28,heart,10743738,1.53125,0.04074591216113832,0.973804058754294,0.9493811445131477,0.9714962149557149,0.9982750297239147,0.26760888404238176,0.961353785839599
B_wide,29,lung,10743738,1.53125,0.07052445656930408,0.9946658230738005,0.9894080651597562,0.993564570022209,0.9989620193034596,0.06930563232078367,0.6080555555555548
B_wide,29,heart,10743738,1.53125,0.043012926815491584,0.9728648169005892,0.9476048521527016,0.9685730672339455,0.9983578910973888,0.2766732620483961,0.9802007976187427
B_wide,3,lung,10743738,1.53125,0.0695137298045059,0.9942364380166759,0.9885639049495704,0.9939842043763601,0.9986534877127088,0.07429172049097893,0.6393055555555549
B_wide,3,heart,10743738,1.53125,0.05189117174078193,0.9690252711604088,0.9403831006703426,0.9550049520507384,0.9988554568513055,0.31110286387472047,1.0188319403499628
B_wide,30,lung,10743738,1.53125,0.07882670016648868,0.9937807143747932,0.9876624886460832,0.9935464125950568,0.9984975037087073,0.08017226704470616,0.7444839265621469
B_wide,30,heart,10743738,1.53125,0.04699614372156147,0.9707645451270394,0.9437112027124543,0.9694745937910426,0.9979753737474046,0.2979454133864169,0.9701589205089977
B_wide,31,lung,10743738,1.53125,0.06899474908908208,0.9944274621839742,0.9889364936057711,0.9940788828202164,0.9987452778562259,0.07200767212194774,0.6162499999999993
B_wide,31,heart,10743738,1.53125,0.04729015804413292,0.9679326604628968,0.9383754887870048,0.9506907617087786,0.999027229617668,0.32198162966919985,1.0292108184140403
B_wide,32,lung,10743738,1.53125,0.06490394431683752,0.994429891443176,0.9889420547951316,0.995260873588328,0.9984388229837928,0.07187630874824745,0.6380555555555544
B_wide,32,heart,10743738,1.53125,0.05128011690038774,0.9692975279297407,0.9409637680924156,0.9733908220038223,0.9974384867038444,0.3104233339017972,1.0305650957475845
B_wide,33,lung,10743738,1.53125,0.07085441738987962,0.9941258075754954,0.9883470228141574,0.9923816600385199,0.9989748996528137,0.07567676926106937,0.646944444444444
B_wide,33,heart,10743738,1.53125,0.04846421174394588,0.9729518931518091,0.94774860486149,0.9683299900889902,0.99839297738155,0.27637951381650416,0.9907801827403058
B_wide,34,lung,10743738,1.53125,0.0696878854599264,0.9945433102609826,0.9891622705233942,0.995195423117469,0.9985025110392974,0.07063730025748532,0.6461111111111105
B_wide,34,heart,10743738,1.53125,0.05663643871020112,0.9680385168073523,0.9386710667937596,0.9729722807941095,0.9972754531448561,0.3250601473064046,1.0384668502121963
B_wide,35,lung,10743738,1.53125,0.06974904138284425,0.9940011523218893,0.988097826376425,0.9957888017278507,0.9981133433701261,0.07757771292116246,0.6962499999999997
B_wide,35,heart,10743738,1.53125,0.0540705140421374,0.9661611746740377,0.9350321217871193,0.9550634281256051,0.998414609891805,0.34245310630611214,1.0290262440027877
B_wide,36,lung,10743738,1.53125,0.06392439146422678,0.9947750868431248,0.9896211486650522,0.9949467096682781,0.9986797646924638,0.06798465525432942,0.6002777777777772
B_wide,36,heart,10743738,1.53125,0.04500370339180033,0.9710240865845503,0.944245042427946,0.9634335891064274,0.9984946396330721,0.2920341876744624,1.0112626366609991
B_wide,37,lung,10743738,1.53125,0.07423632478651901,0.9944265649301384,0.9889336331557903,0.9956580244082373,0.9983527399614626,0.07256030636659432,0.6372222222222218
B_wide,37,heart,10743738,1.53125,0.04524376788176596,0.9712477778071835,0.9445313018666255,0.9637639074307162,0.9984895866981904,0.291920714444878,0.993126633337907
B_wide,38,lung,10743738,1.53125,0.06256441535014245,0.9945854599954992,0.9892449514457459,0.992633969895015,0.9991804239255145,0.07072104578844435,0.6679166666666662
B_wide,38,heart,10743738,1.53125,0.04540637025299172,0.9718707956879279,0.9457614409843946,0.965780589335179,0.9984293091582629,0.2854030098097062,0.9927739798318792
B_wide,39,lung,10743738,1.53125,0.07225510597539445,0.9934427646052152,0.9869950950559554,0.9891208468861887,0.9994722936553555,0.08438076423567425,0.7608333333333329
B_wide,39,heart,10743738,1.53125,0.04843711197479732,0.96757696365074,0.9378888632937162,0.9699644104128229,0.9974393054344924,0.3301501087701668,1.0484620443262347
B_wide,4,lung,10743738,1.53125,0.08725303118634554,0.9917422237582159,0.9836680682988626,0.9975891661274668,0.9966149857566825,0.10544156183233054,0.8274046817359697
B_wide,4,heart,10743738,1.53125,0.05908541734744277,0.9680824107959634,0.9385450685344414,0.9736354907542892,0.9972504013261673,0.3223361586032537,1.024247614978444
B_wide,40,lung,10743738,1.53125,0.07052424906546043,0.9941326134915494,0.9883546344668493,0.9948587439452533,0.9983485848182634,0.07581360133535488,0.6958728154510359
B_wide,40,heart,10743738,1.53125,0.051404990850844316,0.9689553078298758,0.9402601137284551,0.9649581010217863,0.9980474179785621,0.316920077549576,1.0117680575142236
B_wide,41,lung,10743738,1.53125,0.0679119055883752,0.994405600961672,0.9888943092038077,0.995054126449018,0.9984822421265958,0.07225502038900525,0.6390277777777771
B_wide,41,heart,10743738,1.53125,0.05001967266822855,0.9707870796840113,0.9437247229644972,0.9703729130579373,0.9979112312155675,0.2954392800526892,1.0055214445444511
B_wide,42,lung,10743738,1.53125,0.07587610120471153,0.9931009712736121,0.9863210791041354,0.9972297056035037,0.9973773122512525,0.08933269780403384,0.780833333333333
B_wide,42,heart,10743738,1.53125,0.05938027809994916,0.9664142532216551,0.9356628498266828,0.9507197964273306,0.998810338390316,0.33403940448873903,1.061213784558111
B_wide,43,lung,10743738,1.53125,0.09277503010816872,0.9917423320349589,0.9836716322635989,0.994158687257031,0.9974239939093111,0.10481586839830073,0.8124985970461428
B_wide,43,heart,10743738,1.53125,0.05568017866462469,0.9658772583926329,0.9345222651752051,0.9532307006891495,0.9985187282548355,0.3416455078807335,1.0267940967590063
B_wide,44,lung,10743738,1.53125,0.07143173965418505,0.9934329381933591,0.9869850834634141,0.9962799181949132,0.9977771464964469,0.08418196917933715,0.7083826859804615
B_wide,44,heart,10743738,1.53125,0.06470336212983561,0.9651131337238579,0.9340861016333564,0.9572990421783607,0.9980230090157025,0.3582037526706083,1.1120230294371607
B_wide,45,lung,10743738,1.53125,0.09528535128467613,0.9929084390807977,0.985943377217176,0.990782063194147,0.9988218113321791,0.0913689325071659,0.7945833333333325
B_wide,45,heart,10743738,1.53125,0.054139791030643716,0.9655328699562722,0.9339011491624237,0.9655036646606807,0.9974950134227486,0.3483438641246195,1.0317125119291544
B_wide,46,lung,10743738,1.53125,0.06932216085907486,0.9940640811969499,0.9882164105081989,0.9917960020213857,0.9991240217936691,0.0772919940912376,0.7255555555555547
B_wide,46,heart,10743738,1.53125,0.04827699851141208,0.9670374395358337,0.9368204560283726,0.9555413349763598,0.9985183705913515,0.332028264176318,1.0328250259941218
B_wide,47,lung,10743738,1.53125,0.06916499867931836,0.9945899137579798,0.9892546792379805,0.9944984938141825,0.9986875909403479,0.0704972115051401,0.6509722222222214
B_wide,47,heart,10743738,1.53125,0.0461369779245514,0.9698400369915825,0.9418932769660109,0.9588406705322301,0.9986577500955229,0.3059100392443457,1.0047574708086395
B_wide,48,lung,10743738,1.53125,0.09461215383683642,0.9926725305384939,0.9854937155001128,0.99140616752022,0.9985518141733506,0.09273045983736543,0.7900527396773561
B_wide,48,heart,10743738,1.53125,0.059771687340819175,0.9663146076998187,0.9352597137678283,0.9608823905648856,0.9979748927435427,0.34242353909015805,1.0185909591365887
B_wide,49,lung,10743738,1.53125,0.0704070110184451,0.9945665477263633,0.9892087863618148,0.9957439143197091,0.9984175651766667,0.07082940972684468,0.628194444444444
B_wide,49,heart,10743738,1.53125,0.04264241588922838,0.9717389461974534,0.9454815403518245,0.9678812037146695,0.9982437988873266,0.2874111644392896,0.9985851771143188
B_wide,5,lung,10743738,1.53125,0.07987492975468437,0.9932617036972191,0.9866404843359279,0.9950801208801028,0.9979634711106606,0.08638282677837651,0.7847222222222219
B_wide,5,heart,10743738,1.53125,0.0634592267167237,0.9616787033268773,0.926863366874272,0.9594325736171802,0.9973975509033879,0.37698222518944635,1.07925905866857
B_wide,50,lung,10743738,1.53125,0.07498788668049707,0.9936043811315356,0.9873115048382531,0.9928156191739771,0.9986262913501842,0.08253339472136786,0.7579561487843689
B_wide,50,heart,10743738,1.53125,0.05582993878051638,0.9667887672280275,0.9362650753693509,0.9619189778590194,0.9979731827033078,0.33463177314118336,1.0298650792638533
B_wide,51,lung,10743738,1.53125,0.09493800821300181,0.9925121638383346,0.9851666842947234,0.997327429064798,0.9970205713758844,0.09668822447322842,0.8312499999999997
B_wide,51,heart,10743738,1.53125,0.07543272536454929,0.9616647180731437,0.9266867775408723,0.9624756652626292,0.9971546554992174,0.38771253977538855,1.041930155070466
B_wide,52,lung,10743738,1.53125,0.12681332640349866,0.9872101107120651,0.9748514670415929,0.9911741776386075,0.9959528321238827,0.1590259303271645,1.048420305402203
B_wide,52,heart,10743738,1.53125,0.08734405427757237,0.9427429833639998,0.8927386036886362,0.9578068487349337,0.9945844653947163,0.5672789330058289,1.4358743816936343
B_wide,53,lung,10743738,1.53125,0.07369849019580417,0.9938374134978398,0.9877733532781086,0.9957810453263672,0.9979988236260605,0.07976948094155845,0.7267061487843692
B_wide,53,heart,10743738,1.53125,0.0537138961824692,0.9682082890142897,0.9389022040502619,0.9541444246558992,0.9987987956410388,0.3191640197133804,1.0350138386821681
B_wide,54,lung,10743738,1.53125,0.06826864305573205,0.9943931450636287,0.9888661691732668,0.9953458637903089,0.9984000407054321,0.07307968065384202,0.6640277777777772
B_wide,54,heart,10743738,1.53125,0.04756560576562252,0.9695261594192198,0.9413285316089357,0.9654125291838099,0.9981061524542818,0.3095500280511287,1.0036532787821137
B_wide,55,lung,10743738,1.53125,0.07342230670361055,0.9932070567956616,0.9865396478685453,0.9903244504088653,0.9990328361218423,0.08699529037915257,0.7422617043399249
B_wide,55,heart,10743738,1.53125,0.05856868878213896,0.9606419564296611,0.9248510663820424,0.9352588408452033,0.999170423958419,0.3926912639799322,1.0612644198046828
B_wide,56,lung,10743738,1.53125,0.09551946393524607,0.9932274671352186,0.9865723551665777,0.9906337570368486,0.9989737550274596,0.08676206405831317,0.7954561487843695
B_wide,56,heart,10743738,1.53125,0.054723234200436205,0.9678864062271079,0.9382406159572393,0.9735454630737029,0.9972237272859161,0.32745754184444603,1.016948904091132
B_wide,57,lung,10743738,1.53125,0.12204837169912126,0.9878592851892116,0.9761328605879526,0.9970287373039228,0.9948642824156402,0.14846847600375632,1.0035554352179055
B_wide,57,heart,10743738,1.53125,0.08883600550600224,0.9528972538646605,0.9105775498390908,0.9207167151010205,0.999179816921534,0.4591898695987922,1.1633377940060166
B_wide,6,lung,10743738,1.53125,0.0699284381336636,0.9938584030123204,0.9878150378037974,0.9928019673213717,0.9987181660815829,0.07915467878250143,0.7288888888888885
B_wide,6,heart,10743738,1.53125,0.05275016087883463,0.970925799847501,0.9439656178135095,0.9608821301382946,0.9986743846262645,0.29466305084966193,0.9941053390593271
B_wide,7,lung,10743738,1.53125,0.07761553872066239,0.99352547811535,0.9871584914082256,0.9921421518720193,0.9987637973260937,0.08333053554111339,0.7498611111111106
B_wide,7,heart,10743738,1.53125,0.05492945192899141,0.9686510472217615,0.9397648787169935,0.9567344203647696,0.9986591217852682,0.31573484975525695,1.0069710401420255
B_wide,8,lung,10743738,1.53125,0.06748238657601177,0.9946278532627757,0.9893309267101885,0.9938838198138487,0.9988626670325828,0.06975652660671604,0.6622222222222217
B_wide,8,heart,10743738,1.53125,0.04620401667586217,0.9724227350586249,0.9468081221576129,0.968076836594426,0.9983301360427664,0.28115505536912777,0.9952978093978866
B_wide,9,lung,10743738,1.53125,0.09747470870821012,0.9927424276903357,0.9856184393365156,0.9970796385316478,0.9971911990000899,0.09387904449939886,0.8191666666666665
B_wide,9,heart,10743738,1.53125,0.06258172309026122,0.9637891427577188,0.930625314886597,0.9694883647119303,0.99692030425732,0.36295983394804604,1.0552949518308896
C,0,lung,7798498,1.0,0.07988123768009245,0.9929585770659857,0.9860448242937921,0.9891409806148944,0.9992537425347479,0.0902588519816145,0.7990196007634652
C,0,heart,7798498,1.0,0.05970288988513251,0.9676409055568536,0.9377948838326524,0.9663038760008273,0.9977458374982724,0.32825288693733917,1.0323766433083932
C,1,lung,7798498,1.0,0.07725235007496344,0.9932160727263147,0.9865543967345037,0.995455452611003,0.9978265901937418,0.08726567534635699,0.7539957711974582
C,1,heart,7798498,1.0,0.05413613535670771,0.9698019543500253,0.9418206758390789,0.9676303292126395,0.9979796124539585,0.30540297208966116,1.0108410994319743
C,10,lung,7798498,1.0,0.06961373626771901,0.9937252166781209,0.9875558056035696,0.9952342542681041,0.9980812484827624,0.08069406024321948,0.7008013267530137
C,10,heart,7798498,1.0,0.05081590042553014,0.969994145179615,0.9422348595217456,0.9705708996476006,0.9977672203052537,0.3045533131234925,1.0039161860633983
C,11,lung,7798498,1.0,0.08007670152518484,0.9931357670658384,0.9863948205561115,0.9926575554063928,0.9984446777705089,0.0880775333996075,0.8074999999999998
C,11,heart,7798498,1.0,0.060922651417139505,0.9628363537074136,0.929073199770968,0.9625872178470535,0.9973149335518938,0.37558876142733266,1.0672609630868577
C,12,lung,7798498,1.0,0.07842328660707507,0.9937374731827973,0.9875789022642479,0.995117551791924,0.9981650567177999,0.08086541052952828,0.726944444444444
C,12,heart,7798498,1.0,0.051388821644812,0.9693794812892247,0.941040819178435,0.9772345849147546,0.9971558878528678,0.3101157722104433,1.0138046474247273
C,13,lung,7798498,1.0,0.07287842391265763,0.9942990024556568,0.9886801258206974,0.9948790375282812,0.9984811552070825,0.07410317705758751,0.6868055555555549
C,13,heart,7798498,1.0,0.054637028970238234,0.9669566301796331,0.93665558448549,0.9630085242978298,0.9978901678658361,0.3331716871777839,1.0461879709157325
C,14,lung,7798498,1.0,0.07078809913040864,0.9943010731002649,0.9886858662516383,0.9955614100267037,0.998340272558412,0.07384194657303594,0.6812499999999997
C,14,heart,7798498,1.0,0.04618172491641922,0.9714681715526693,0.9448937620241253,0.9725172602402681,0.9978412950969755,0.2919741242353885,1.00426058197684
C,15,lung,7798498,1.0,0.07969198102752367,0.9937794732986678,0.9876596370489596,0.9936423501497529,0.9984963732090999,0.08039936231912281,0.7106944444444441
C,15,heart,7798498,1.0,0.046691187786766224,0.970687592659594,0.9434417458264948,0.9701933758786054,0.9979075625370591,0.2980880641834121,1.0104343032947334
C,16,lung,7798498,1.0,0.07964741631100575,0.9935696352974077,0.9872408923412239,0.9952175984368811,0.9979624679836689,0.08375311615924481,0.7740277777777774
C,16,heart,7798498,1.0,0.052782862085021205,0.9662132663709511,0.9351073224828913,0.9582173667776863,0.9981817381104406,0.33858509386531066,1.0380125660532113
C,17,lung,7798498,1.0,0.09180887852174541,0.9926380895565258,0.985409932901748,0.9889482007062455,0.9991336462827788,0.09496050654246445,0.8399999999999996
C,17,heart,7798498,1.0,0.062007503201150234,0.963744991286332,0.930600034646347,0.9619249369399145,0.9975123094925167,0.3669302904763119,1.0574004728744006
C,18,lung,7798498,1.0,0.09452077835384343,0.992232726009957,0.9846128994373874,0.9871960806597022,0.9993722314651615,0.09998142105961061,0.8611111111111109
C,18,heart,7798498,1.0,0.05459180729877618,0.9671089287359131,0.9368636495146409,0.9583856194068716,0.9983084123164613,0.32812422024460414,1.0395519078755286
C,19,lung,7798498,1.0,0.12563668404602343,0.9927837364260234,0.9857113140892965,0.995325348972217,0.9976840377186709,0.0925655209257341,0.7847617043399251
C,19,heart,7798498,1.0,0.06282994054878752,0.9679997820817196,0.9383946174964548,0.9652310879139779,0.9978924860856353,0.32515801085951085,1.017501774093388
C,2,lung,7798498,1.0,0.09285499194843902,0.992864313592984,0.9858629180217011,0.9935778948233044,0.9980662342211897,0.09164745791007552,0.7858728154510358
C,2,heart,7798498,1.0,0.07397007690742612,0.9659706428909797,0.9346597859364509,0.9596501627854569,0.9980313500604812,0.3419499647162049,1.0370846950946258
C,20,lung,7798498,1.0,0.06491324743773375,0.9943344993893836,0.9887571950382674,0.9938814660204082,0.9986903725927058,0.07321325561191616,0.6294839265621467
C,20,heart,7798498,1.0,0.046611336096086434,0.9719061624557981,0.9457607784854323,0.9658975224069902,0.9984213197824001,0.2855918767150514,1.0062962561781583
C,21,lung,7798498,1.0,0.06421769050777787,0.9945358983127657,0.9891481729250807,0.9950919098970565,0.9984937943687369,0.07095421596358711,0.6462499999999994
C,21,heart,7798498,1.0,0.04403503866245349,0.9725465050527087,0.9470045467270224,0.9704741989906734,0.9981644177049238,0.27979808709257525,0.9765165042944954
C,22,lung,7798498,1.0,0.08789774061491092,0.9931034850152912,0.986330450217364,0.9915569624267472,0.9987322597496447,0.08886195658218579,0.7865277777777774
C,22,heart,7798498,1.0,0.06270914001183378,0.9622675271582559,0.9278403188808546,0.9415965399730172,0.9989020405425022,0.37386921055962874,1.0731232871098142
C,23,lung,7798498,1.0,0.069790967559028,0.9941173028786195,0.9883241461566169,0.9966917537984376,0.9979409543709461,0.07620495514584995,0.6831944444444439
C,23,heart,7798498,1.0,0.043099661644858615,0.9702836957934028,0.9427692938559119,0.9808060312752088,0.9970144771081411,0.30321802868856795,0.9946618866530684
C,24,lung,7798498,1.0,0.09571776846423745,0.9928379236614131,0.9857992428549418,0.9960904708680166,0.9974942939960754,0.09289356327483642,0.8311111111111106
C,24,heart,7798498,1.0,0.05393862698951529,0.9625934563278908,0.9282675894288204,0.9727554664680519,0.996479836719015,0.37709816309494426,1.0322983805499153
C,25,lung,7798498,1.0,0.07585594245336122,0.9943610087832279,0.9888067544955416,0.9928366926684113,0.9990089703051157,0.07285723855292423,0.6686111111111104
C,25,heart,7798498,1.0,0.04708618521172967,0.9695011593640019,0.9412497455882044,0.9557503984556083,0.9988498075742184,0.3077452200210549,1.0254403370055483
C,26,lung,7798498,1.0,0.08627730353424946,0.992810869688255,0.9857472858828339,0.9920576877707611,0.9984938928414443,0.09332183963224425,0.8293450376732581
C,26,heart,7798498,1.0,0.05226299659245544,0.966816077370588,0.9361877422870722,0.9661194750352333,0.997648531910688,0.33644349874637447,1.0308625340059396
C,27,lung,7798498,1.0,0.07653192283275227,0.993742089393045,0.9875876555016354,0.9908073955219324,0.9992216734419294,0.08056982338914281,0.7154166666666659
C,27,heart,7798498,1.0,0.05062963163945824,0.97038692851161,0.9429335574239518,0.9669181358080616,0.99812287052928,0.2992455029883197,0.9946510240854571
C,28,lung,7798498,1.0,0.08293404785088367,0.9941617464287057,0.9884110982057087,0.9950639132063915,0.9983845533944345,0.07539548530515362,0.7034722222222216
C,28,heart,7798498,1.0,0.0487044239235628,0.9684048160977545,0.9392086714532734,0.9621622139724173,0.9981876721022159,0.32054094878296524,1.0333202213108075
C,29,lung,7798498,1.0,0.06867454928449458,0.9943447940492787,0.9887731918808568,0.9934828801801678,0.9988188056727517,0.07323855806841514,0.6600394821177026
C,29,heart,7798498,1.0,0.050628809253167775,0.9678259642705507,0.9383349372851627,0.973295044296108,0.9972428700556509,0.3343849773530605,1.0842830847772216
C,3,lung,7798498,1.0,0.07961304317642418,0.9932597710070884,0.9866334644056703,0.9914649146082933,0.9988371092661368,0.08712363360550973,0.7844839265621472
C,3,heart,7798498,1.0,0.05990994650508381,0.9624709031104525,0.9287001237779839,0.9736359704585753,0.9963670195024061,0.3781024298739381,1.1136191478635649
C,30,lung,7798498,1.0,0.08785461104578442,0.9939351366542005,0.9879653175625337,0.9944943039428464,0.9984268815053977,0.07816458183890417,0.7313888888888884
C,30,heart,7798498,1.0,0.05133893702489634,0.9695494336820207,0.9413652669969881,0.9719867894896665,0.9975999953770254,0.3081377546369812,1.008202501104343
C,31,lung,7798498,1.0,0.08997044117293423,0.9938106666892802,0.9877220081547738,0.9969260250681865,0.9976978500270725,0.08015479608137469,0.725972222222222
C,31,heart,7798498,1.0,0.04656500565405521,0.9659861399984939,0.9349681288291167,0.9589295558828943,0.9981299761074736,0.3381754674997248,1.0550293864988711
C,32,lung,7798498,1.0,0.08058913511534532,0.9936005911427761,0.9873095460240212,0.9946467848337959,0.9982136578891616,0.08279333415348816,0.7165672598954804
C,32,heart,7798498,1.0,0.06845307557636665,0.9617796190362097,0.9270043231628758,0.9426695129170601,0.998741178980799,0.37825064207347037,1.0767285356203815
C,33,lung,7798498,1.0,0.06781181435928577,0.9937608490850388,0.9876282419715602,0.9905418387955413,0.9992472120951738,0.07979722942476918,0.6722797518836624
C,33,heart,7798498,1.0,0.05005800697642068,0.9706008754001179,0.9433331004106295,0.96093550375873,0.9986113971428576,0.29915624234932653,1.0073845297614474
C,34,lung,7798498,1.0,0.09299949808046222,0.9930939688024435,0.9863100045705815,0.9936388994478516,0.9982376377180288,0.08884309779009886,0.7955555555555551
C,34,heart,7798498,1.0,0.05921080932021141,0.9647548106836663,0.9323510778182714,0.9518136941935093,0.9984526333474147,0.35728169624104833,1.0303260180323075
C,35,lung,7798498,1.0,0.0623354519613915,0.9948154982721928,0.9897018136660913,0.9931310304961959,0.9991424909450111,0.06706632446878326,0.6140277777777771
C,35,heart,7798498,1.0,0.04324374126218673,0.9742240173134701,0.9501480162137691,0.9762477315586529,0.9979710464849939,0.2640982843049274,0.9757907547466598
C,36,lung,7798498,1.0,0.07242363366401858,0.9933504024502214,0.9868295843882048,0.9913922984625186,0.9988289690336338,0.08452102823858652,0.6896319845035331
C,36,heart,7798498,1.0,0.051964073923105994,0.9691036539806731,0.9404946935416664,0.9655887693481219,0.9980276749622351,0.31272205573928863,1.0175652957600818
C,37,lung,7798498,1.0,0.07550238194978899,0.9934396946946928,0.9869915834218108,0.991552021393836,0.9988618118624368,0.08467726904190191,0.7498611111111106
C,37,heart,7798498,1.0,0.05076000043191016,0.9662404126959548,0.9351083937191494,0.9491918652997997,0.9988766728304125,0.3385361196278375,1.0334860609043903
C,38,lung,7798498,1.0,0.06711868233978749,0.99416697299401,0.9884220636268637,0.9948136455156392,0.9983667739214729,0.07540450461185517,0.6960511864576278
C,38,heart,7798498,1.0,0.04592467134870175,0.9717197137389034,0.9454040552718717,0.9758871459277153,0.9976225520303614,0.2910489923039524,0.9947075617087121
C,39,lung,7798498,1.0,0.08447430389415887,0.9933443676287992,0.9868117309500999,0.9914461509183901,0.9988115022826365,0.08512910619341986,0.7401388888888887
C,39,heart,7798498,1.0,0.05637765104054577,0.965470792741138,0.9337292358591156,0.9454054709282176,0.9990773432127651,0.34433504691933564,1.0487842812179478
C,4,lung,7798498,1.0,0.07031645024609234,0.9941998051163221,0.9884863090852819,0.9953593794489055,0.9982692213367759,0.07511285340175294,0.659206148784369
C,4,heart,7798498,1.0,0.04715453760387997,0.9732126694720575,0.9482149852810035,0.9683458826770637,0.9984306887554552,0.2729743571738449,0.994032156846191
C,40,lung,7798498,1.0,0.09777917338328229,0.9916135167510948,0.983394053078032,0.9865120119782729,0.9992431167412911,0.10774847722168361,0.9251388888888886
C,40,heart,7798498,1.0,0.06333257695659995,0.9570762601880856,0.9184321215912514,0.9792890003405937,0.9950795483997742,0.4305827710633761,1.143076301048735
C,41,lung,7798498,1.0,0.08968077234716879,0.992478318087356,0.9850961529796021,0.9885138683081711,0.9991684894940344,0.09655269272911214,0.8385396224130883
C,41,heart,7798498,1.0,0.05245860633699016,0.9656810068178512,0.9342041494152769,0.9752905511665142,0.996755367540172,0.34918094639790864,1.0393011367110028
C,42,lung,7798498,1.0,0.06270757373422384,0.9943219852798105,0.9887337181828556,0.9919098831235863,0.9991909690400281,0.07315565773609799,0.6351783710065911
C,42,heart,7798498,1.0,0.044694796297699214,0.9711969908488399,0.9444961512282586,0.9662494646935926,0.9982892973301571,0.2932945756404794,0.9892557919927558
C,43,lung,7798498,1.0,0.07451959298923612,0.993789668575637,0.9876772610891783,0.99496721073375,0.9982064109066554,0.08017408655634375,0.7447222222222216
C,43,heart,7798498,1.0,0.06880512320333057,0.965645247447303,0.934151173102229,0.9513579761411407,0.9986453479147528,0.3459878054774626,1.0338341253590217
C,44,lung,7798498,1.0,0.0744323044290973,0.9915805932054831,0.9833608597224424,0.9849130715324691,0.9995976076190288,0.10553075614650614,0.820753958182256
C,44,heart,7798498,1.0,0.05118577922953086,0.969019459173679,0.9404048659894865,0.9633736893874236,0.9981921686064424,0.3109446601289223,1.0161651333879105
C,45,lung,7798498,1.0,0.09495703649396697,0.9919866403550665,0.9841412520544638,0.9884693179221159,0.9989255590010464,0.10268176398795145,0.8306740019086645
C,45,heart,7798498,1.0,0.061721481196582315,0.9652097486913378,0.9332746443752181,0.9539775751466323,0.998356646975954,0.351562311219235,1.0281725989548083
C,46,lung,7798498,1.0,0.13221242438173955,0.9916945728192831,0.9835605544570871,0.9894885052906206,0.9985300728583835,0.10676036285203862,0.8718450376732585
C,46,heart,7798498,1.0,0.07048771629213459,0.9642980853974172,0.9314743764338294,0.9589462184543256,0.9978349237755708,0.36116206860832833,1.0344433320518454
C,47,lung,7798498,1.0,0.06766488786476353,0.994358660067794,0.9887965891560523,0.9921748469155602,0.9991778588290278,0.07357929513947424,0.6884722222222217
C,47,heart,7798498,1.0,0.04654326255226301,0.9663928948275774,0.9356105812485143,0.9455495372987439,0.999216439912162,0.33432721567205737,1.0434771824131501
C,48,lung,7798498,1.0,0.09779768383337392,0.9910411894579618,0.982295264918922,0.9982165832497439,0.9961045889272583,0.1143442468561819,0.8755541526016989
C,48,heart,7798498,1.0,0.054871684866439965,0.9617018573872532,0.9271780612784488,0.9620445373529571,0.9971909012699243,0.38333627967139083,1.076194490513411
C,49,lung,7798498,1.0,0.06773910227024721,0.9944485364739988,0.9889787934570659,0.9934181939302515,0.9988845000397873,0.07188090812322291,0.6555555555555551
C,49,heart,7798498,1.0,0.0436471949926474,0.9728874791025697,0.9476630441394444,0.9753421802874142,0.9978371089718144,0.27617990749449445,0.9877181436855522
C,5,lung,7798498,1.0,0.09027473168033692,0.9925202465383485,0.9851833568853673,0.9918660789433354,0.9983570379926491,0.09555542455346674,0.8325394821177028
C,5,heart,7798498,1.0,0.07163212193797032,0.9546818485158327,0.9140553764707509,0.9368292793545449,0.9981801352378425,0.45176273595651584,1.0968622633856546
C,50,lung,7798498,1.0,0.07141704549495545,0.9937397494859871,0.9875769254302865,0.9921417261386708,0.9988970453955681,0.08099247318808801,0.7509722222222217
C,50,heart,7798498,1.0,0.04654444730064521,0.9675904080325406,0.9379075300875522,0.9616404630904186,0.9981424523703782,0.32708423491847044,1.0417081328607407
C,51,lung,7798498,1.0,0.07407265967275534,0.9950543088649076,0.9901711190641151,0.9953669291945795,0.9986993947110692,0.06457531585772527,0.5870833333333326
C,51,heart,7798498,1.0,0.04056044171771241,0.9734934223183214,0.9488198529618158,0.9717024921975422,0.9982182351981322,0.2701519232485528,0.9739868927062181
C,52,lung,7798498,1.0,0.09681543390680518,0.9921988799049465,0.9845644842846559,0.9920109134751289,0.9980898244087121,0.09977580242712,0.830586159182018
C,52,heart,7798498,1.0,0.0550433742089404,0.9580237235886574,0.9201240006893021,0.9601672901523508,0.9967618740041306,0.4234584734959443,1.17083324189791
C,53,lung,7798498,1.0,0.082246223392172,0.991503136621933,0.9831931921774406,0.9929224198908363,0.997631912378789,0.10765620747894755,0.8540049402499557
C,53,heart,7798498,1.0,0.06242035798107584,0.9616360307019437,0.926676291526427,0.9594042119390254,0.9973897110755382,0.3873116473735434,1.0793395064361067
C,54,lung,7798498,1.0,0.08431352768093348,0.9932207925609495,0.9865565795962403,0.9923099075846851,0.9986291452843115,0.08741430653599559,0.798333333333333
C,54,heart,7798498,1.0,0.057863994755057824,0.9646748572379358,0.9322498925160642,0.9736647546946172,0.996713972366484,0.3607960972237016,1.038053741686028
C,55,lung,7798498,1.0,0.07754984730337229,0.9925107746329811,0.9851863351833022,0.9895063671607829,0.9989410011398904,0.09456044813085836,0.7979942279482158
C,55,heart,7798498,1.0,0.06024432459121777,0.9592074148800726,0.9222380652047251,0.9732844139323655,0.9959035846633024,0.4108720021689556,1.0780622756368754
C,56,lung,7798498,1.0,0.09266986935916874,0.9926920293866335,0.9855224979066649,0.9910005474704693,0.9986801437256264,0.09428818277898678,0.8082972382458574
C,56,heart,7798498,1.0,0.05957874714707335,0.9649067229579319,0.9327054692357005,0.9568839247425214,0.9980814897480761,0.35379354524291556,1.0347166104067962
C,57,lung,7798498,1.0,0.07096252848083774,0.9941985092228074,0.9884876716954736,0.9938937865597643,0.9986958491363815,0.07516346637846152,0.6737499999999994
C,57,heart,7798498,1.0,0.05126025827291111,0.9651414041411956,0.9333470798273008,0.9443544611679316,0.9991327293363406,0.3452688606734479,1.0543666424540679
C,6,lung,7798498,1.0,0.06957609524122543,0.9947626208150564,0.9895975848286475,0.9952886207299656,0.9985909567447733,0.06803896701767817,0.6005555555555547
C,6,heart,7798498,1.0,0.04177060467708442,0.9718980494043346,0.9458078100020066,0.9758191213699067,0.9976477864464987,0.28966177275074684,0.9859677227993953
C,7,lung,7798498,1.0,0.06626221119529671,0.9944326009876465,0.9889450958580195,0.9916852990792225,0.9993231206167998,0.07214112705338607,0.6638888888888883
C,7,heart,7798498,1.0,0.04333546445963697,0.9687718632917132,0.9400817059649876,0.9770987876753107,0.9970679555888561,0.3186683556812405,1.0568193187640456
C,8,lung,7798498,1.0,0.08476443886756897,0.9925307613263896,0.9852049526721574,0.9894660393173363,0.9989233055831915,0.09546028200477183,0.7994839265621472
C,8,heart,7798498,1.0,0.056996068642992115,0.9604283470724413,0.9245312114276271,0.9615670917175501,0.9970186465636014,0.40472203020073166,1.1028361791229906
C,9,lung,7798498,1.0,0.09544246481317613,0.9917220225154271,0.9836058297730214,0.9898450544543727,0.9985168210994049,0.10733883002132263,0.9182339265621471
C,9,heart,7798498,1.0,0.06499445585844417,0.9638920272906101,0.9310099813937086,0.9570774636620925,0.9979289454667815,0.3609373128922712,1.0955912672299255
C_wide,0,lung,10817706,1.53125,0.0863346798862848,0.99278467353143,0.9856991313593154,0.9930186255807083,0.9981761913148225,0.09326677287596018,0.7829561487843693
C_wide,0,heart,10817706,1.53125,0.05235515263500727,0.9719032209599211,0.9458389029263536,0.9712404755406158,0.9980093867628641,0.28773444085238464,0.9935112934242543
C_wide,1,lung,10817706,1.53125,0.0825663711099575,0.9932620552721035,0.9866543604497369,0.9912638177577847,0.9988870188624408,0.08616794691839763,0.7460413159282019
C_wide,1,heart,10817706,1.53125,0.051232852168484694,0.9659692804230896,0.9349409104896255,0.9533959481030219,0.998551559280911,0.3388404751589044,1.0715280166797512
C_wide,10,lung,10817706,1.53125,0.08567997309275799,0.993354894312866,0.9868184430861249,0.992507308014454,0.9986774180479614,0.08611792594921214,0.8031944444444442
C_wide,10,heart,10817706,1.53125,0.05752409451330701,0.9685716868050621,0.9396308922243986,0.9624832288998157,0.9981958714842255,0.31779463311602235,1.017117404568298
C_wide,11,lung,10817706,1.53125,0.09795623046035568,0.991937185206604,0.9840366593582455,0.9876205642039505,0.999129174995939,0.10359660442632267,0.8679166666666663
C_wide,11,heart,10817706,1.53125,0.06473678425989217,0.9625799951226519,0.928505395306446,0.9552684326279487,0.9978574781740839,0.3761079276409657,1.0819228895160655
C_wide,12,lung,10817706,1.53125,0.08001624116053184,0.9932440588156718,0.9866016324057373,0.9965775207663098,0.9975631420890587,0.08749182786705276,0.8077777777777774
C_wide,12,heart,10817706,1.53125,0.05389430708665815,0.9685791194701943,0.9395832903755059,0.9654377216153961,0.9979643058259084,0.32016301035130584,1.035541887080231
C_wide,13,lung,10817706,1.53125,0.08545263444280458,0.9928244887956365,0.9857887552934159,0.9968556095762068,0.9973556366610015,0.09242635757997575,0.7824104637582397
C_wide,13,heart,10817706,1.53125,0.04899484476902419,0.9685579507827258,0.9395493734958852,0.9667249121732715,0.9978712184153083,0.317870277352062,1.0203726851261368
C_wide,14,lung,10817706,1.53125,0.059416257983280554,0.9948954142494542,0.9898573495116698,0.9938317884046715,0.9990140597280884,0.06631237392895001,0.6008333333333327
C_wide,14,heart,10817706,1.53125,0.03977369854433669,0.9739440193479775,0.9496411232833828,0.9688729427273529,0.9984963600409492,0.26613443287037214,0.9642646704839959
C_wide,15,lung,10817706,1.53125,0.06437471872195602,0.9945758558617428,0.9892258140673909,0.9928616880455982,0.9990942602112859,0.07034191309395559,0.6574999999999996
C_wide,15,heart,10817706,1.53125,0.042595892495268746,0.9717434869651629,0.9454906993447505,0.9716611626834938,0.9979512792583953,0.28892686945687934,0.9852246271847502
C_wide,16,lung,10817706,1.53125,0.06205955238805877,0.9949219640304874,0.9899156407998106,0.9949138302796814,0.9987687099529656,0.06593879143710807,0.5836111111111104
C_wide,16,heart,10817706,1.53125,0.04241838584938604,0.9718410974339018,0.9459625045977724,0.9680968520144843,0.9982030816570046,0.28966734309954645,1.0775572785293501
C_wide,17,lung,10817706,1.53125,0.061462503055938415,0.9946327338933248,0.989339187773951,0.9943127435681713,0.9987790608156961,0.06993898645337679,0.6123611111111102
C_wide,17,heart,10817706,1.53125,0.04236134611484077,0.970489696979084,0.943089893276058,0.9737102294774095,0.9976042472115195,0.30223715804057005,0.9934034190774993
C_wide,18,lung,10817706,1.53125,0.06386064694573482,0.9944781324330071,0.9890350394084092,0.9933725339092477,0.9988935126324304,0.0713662319372607,0.6416666666666662
C_wide,18,heart,10817706,1.53125,0.04166819038283494,0.9737462361797138,0.9492365995520788,0.9739587906057525,0.9980728798720624,0.26853466394379605,0.963551186457628
C_wide,19,lung,10817706,1.53125,0.06444021781596045,0.9946040640140116,0.9892857850185581,0.9944558151137994,0.9986781108709033,0.06995350206584429,0.6220833333333329
C_wide,19,heart,10817706,1.53125,0.045330054726865555,0.9720656300837636,0.9461446131111227,0.9736774602903396,0.9978415281731353,0.2857412280524098,0.9798137425403534
C_wide,2,lung,10817706,1.53125,0.08178150597959757,0.993615194235545,0.9873439221420622,0.9903930680903318,0.9992537049564896,0.08218499036005442,0.7207618446353106
C_wide,2,heart,10817706,1.53125,0.04749567044071025,0.9669226044730094,0.9365322905829493,0.9573273808855668,0.9983519396203924,0.3322694980206295,1.0351281965281214
C_wide,20,lung,10817706,1.53125,0.09615170905987422,0.9939474573718895,0.9879902363958107,0.99431327571433,0.9984072700662187,0.07840137634999571,0.7024999999999993
C_wide,20,heart,10817706,1.53125,0.05253750234324899,0.9684081456500716,0.939321139388674,0.9733931890318748,0.9973133960682025,0.32066692483600057,1.0204324647554897
C_wide,21,lung,10817706,1.53125,0.0978128939246138,0.9918091219792422,0.9837902355101206,0.9871963438968384,0.999178688153847,0.10429663444329265,0.8386563752510837
C_wide,21,heart,10817706,1.53125,0.06890568652500709,0.9527774451373293,0.9106855808987705,0.9467157133748676,0.9970226852726608,0.4727065565310309,1.2293684921426293
C_wide,22,lung,10817706,1.53125,0.08243497775660621,0.9930547941405494,0.986230278571393,0.9925807979742937,0.9983973874098736,0.08975168828049501,0.7843055555555551
C_wide,22,heart,10817706,1.53125,0.06611300953663886,0.9578676772363138,0.9212990438455383,0.9647607393783033,0.9961644049676912,0.42934193675564586,1.2390364628072237
C_wide,23,lung,10817706,1.53125,0.07159068152411945,0.9940921274646901,0.9882755302015307,0.9957775473652912,0.9981797394638985,0.07639785124517798,0.6877777777777772
C_wide,23,heart,10817706,1.53125,0.046446300642047494,0.9691082074502263,0.9404904024454983,0.9559621617803401,0.9987783949924629,0.3116725220480162,1.0075210236582945
C_wide,24,lung,10817706,1.53125,0.06313437742905484,0.994502256225122,0.9890856028406106,0.9951773783755147,0.9984537789632779,0.07149514531029252,0.6390475188366288
C_wide,24,heart,10817706,1.53125,0.044797118367730746,0.9736962839480257,0.9491252026596878,0.9660752730787241,0.9986787150610367,0.2677386029221645,0.9830633216541964
C_wide,25,lung,10817706,1.53125,0.06961201932539957,0.9950305062475028,0.9901244221136712,0.9944946763526712,0.9989212015567138,0.06498023267409797,0.6037499999999995
C_wide,25,heart,10817706,1.53125,0.04147387466962553,0.974655740638605,0.9510000492126728,0.9727832234159014,0.9982998370034408,0.2597654715827065,0.9623045734878559
C_wide,26,lung,10817706,1.53125,0.0804120698167632,0.9925111836183741,0.9851568113669712,0.9879419351869411,0.9993096141183473,0.09643997197260343,0.8765277777777774
C_wide,26,heart,10817706,1.53125,0.061039147458763585,0.9609982530968463,0.9254538646442703,0.949434506068359,0.9980873438813315,0.3924041506130035,1.0478048740195993
C_wide,27,lung,10817706,1.53125,0.0644036839198735,0.9943950499193903,0.9888679599455454,0.9923846965155068,0.9991266195277572,0.07302755796094153,0.6849999999999995
C_wide,27,heart,10817706,1.53125,0.043497417812856536,0.9732958203311896,0.9484176867874462,0.9681232114726371,0.9984584053204426,0.2717632630605156,0.98623950857192
C_wide,28,lung,10817706,1.53125,0.06948982861099971,0.9944042169261141,0.9888892014082239,0.9949709467452452,0.9985279220961698,0.07261129117799187,0.6801388888888882
C_wide,28,heart,10817706,1.53125,0.049840701984552045,0.9691859049781745,0.9407195024457192,0.9703869799734989,0.9976601384254227,0.31460032807624033,1.022009740204526
C_wide,29,lung,10817706,1.53125,0.06961526904358632,0.9937140585967023,0.9875330871888741,0.9929995920949641,0.9986337611131599,0.08085456995780539,0.7156944444444441
C_wide,29,heart,10817706,1.53125,0.05181065671559837,0.9650376709154086,0.932895668298784,0.9546468855117831,0.9982845801355336,0.3544237814783294,1.023924863621951
C_wide,3,lung,10817706,1.53125,0.06657260951793029,0.9950388036519688,0.9901443189488466,0.9958587942808325,0.9985768823341951,0.06464583851373411,0.5557339265621468
C_wide,3,heart,10817706,1.53125,0.04050125836575818,0.9747367611178703,0.9511411989664288,0.9744519247279566,0.9981862632017213,0.2586351574438939,0.9370053611361127
C_wide,30,lung,10817706,1.53125,0.10828382538424598,0.9912466626122192,0.9826935411178371,0.9864912935570636,0.9990610426962792,0.11137975309094562,0.9008826859804617
C_wide,30,heart,10817706,1.53125,0.08242511589907937,0.9600305270619376,0.9237971666296769,0.9612732189968614,0.9969918555201098,0.3956904664902396,1.109636297709667
C_wide,31,lung,10817706,1.53125,0.09990044179269009,0.9909704103770521,0.9821434313113482,0.9840354054457757,0.9995365526322864,0.11515094839426399,0.8955555555555553
C_wide,31,heart,10817706,1.53125,0.054121597062071994,0.9647111292403505,0.9324024499185869,0.9569250121161275,0.9980544322428174,0.35662864167102154,1.0456276253760928
C_wide,32,lung,10817706,1.53125,0.10491778697404597,0.9916233031857083,0.9834156616730025,0.994478588625912,0.9972800543550255,0.108129860597056,0.8908728154510358
C_wide,32,heart,10817706,1.53125,0.08929176529765957,0.9446484518634917,0.898791270780314,0.9636186555420572,0.9940798093934123,0.6176018507738149,1.804216766701204
C_wide,33,lung,10817706,1.53125,0.08901368434954848,0.9920654182935456,0.9842931033855106,0.9941749024725055,0.9975013280123559,0.10129881499979886,0.8545530202681274
C_wide,33,heart,10817706,1.53125,0.06224754451153179,0.9664641558383575,0.9356526089560353,0.9659461673744362,0.9975942423823949,0.3359762309667446,1.0378465411463615
C_wide,34,lung,10817706,1.53125,0.0716011809081667,0.9943712002606822,0.9888277899620748,0.9924231937849314,0.9991025868327771,0.07266701323859509,0.6341666666666661
C_wide,34,heart,10817706,1.53125,0.04455687598739233,0.9684839456151877,0.9395022547665987,0.9601648541949482,0.9983628723763837,0.31727141851045904,1.0316999558464288
C_wide,35,lung,10817706,1.53125,0.10914121802068419,0.9911566976722347,0.9825318983639846,0.9941576723592894,0.9971609558970345,0.1119202900180275,0.8584544652397417
C_wide,35,heart,10817706,1.53125,0.06660330997159083,0.9608746684308543,0.9251976950700751,0.9481204624020292,0.998173564707569,0.38886187918582366,1.0967992422632014
C_wide,36,lung,10817706,1.53125,0.06605205395155483,0.9947314967015548,0.9895345615802843,0.9953494721566737,0.9985460575849671,0.06865526248765143,0.6148611111111102
C_wide,36,heart,10817706,1.53125,0.04326692154475798,0.971847437530763,0.9457285064851533,0.9711274591489456,0.9980058540427348,0.2877751579472522,0.979925414833007
C_wide,37,lung,10817706,1.53125,0.09304608341513408,0.993112660650367,0.986345675696839,0.9950724431032304,0.9978073029517178,0.08911833472743894,0.7812499999999997
C_wide,37,heart,10817706,1.53125,0.061054246469090384,0.9572335174360465,0.9188230287486648,0.9292334353382189,0.9991682760549303,0.4186606700433339,1.1282238484921587
C_wide,38,lung,10817706,1.53125,0.07196836684727007,0.9942766950140367,0.9886379491778793,0.9959792111496982,0.9981855938237181,0.07458497378973195,0.6665277777777775
C_wide,38,heart,10817706,1.53125,0.047911953744995926,0.9691611396838661,0.9407301770315649,0.9712950435992029,0.997594818632916,0.3150547125829173,1.0132171616178527
C_wide,39,lung,10817706,1.53125,0.07948853821597165,0.9939204497674382,0.9879321999608802,0.9967295823554624,0.997802010858875,0.07902231464876533,0.7559722222222215
C_wide,39,heart,10817706,1.53125,0.08057851665135887,0.9558073534670737,0.9178620764545228,0.9428279156409155,0.9977143023464035,0.47028780010975707,1.4450812594690108
C_wide,4,lung,10817706,1.53125,0.07585410787206558,0.9944592359420615,0.988998409158266,0.9945149718133047,0.9986218069464265,0.07167064078891176,0.6520833333333327
C_wide,4,heart,10817706,1.53125,0.048556144325993957,0.9696906646871901,0.941618841695349,0.9662461998080519,0.9980691856746317,0.30864726243017326,1.012040343830989
C_wide,40,lung,10817706,1.53125,0.07235319248090187,0.9939092394024862,0.9879151842903878,0.993500313543018,0.9986449516027919,0.07899242428998521,0.7030555555555549
C_wide,40,heart,10817706,1.53125,0.05313126309257415,0.9643026837622999,0.9319055347207759,0.975415907339566,0.9964890214765459,0.3646685865738208,1.109607565502306
C_wide,41,lung,10817706,1.53125,0.06674495049131414,0.9940703939971077,0.9882377991983292,0.992536774637535,0.9989194403756042,0.07651914923100474,0.6812499999999995
C_wide,41,heart,10817706,1.53125,0.048693200956202214,0.9705803830113271,0.9433880153994336,0.9640563281571171,0.9983608685753534,0.30497872888099226,1.0600280503819772
C_wide,42,lung,10817706,1.53125,0.0778781781386998,0.993455592043084,0.9870267660406404,0.9913404154549345,0.9989275016155877,0.08369129131428368,0.7329840668575328
C_wide,42,heart,10817706,1.53125,0.05400785263627768,0.9666388106746322,0.9359703632488571,0.9583907875794263,0.9982190512372209,0.33317719133700896,1.0199283909475638
C_wide,43,lung,10817706,1.53125,0.0628976778489434,0.9945869025483496,0.989251708085842,0.9926461127327665,0.9991395495343167,0.06986086839390321,0.6356944444444439
C_wide,43,heart,10817706,1.53125,0.044444600710024436,0.9721611351241464,0.9462879899751999,0.9606025862153962,0.9988787737437275,0.28039995525780004,0.9986297397773632
C_wide,44,lung,10817706,1.53125,0.09349567763921288,0.9921238038199501,0.9844164336258454,0.9946260649009118,0.9975238209906447,0.10104136387375663,0.8455950376732585
C_wide,44,heart,10817706,1.53125,0.06339225192140374,0.9640820365439828,0.9313400531525275,0.9593805172572315,0.9977905151788449,0.3593611317557217,1.0304262068586958
C_wide,45,lung,10817706,1.53125,0.081625040108338,0.9931422612924075,0.9864179601869902,0.9906362803048697,0.9989530897225242,0.08765587495117183,0.7652845518382324
C_wide,45,heart,10817706,1.53125,0.05769685834335784,0.9594747638886939,0.923172414857879,0.9401667106970821,0.9986348979230691,0.3960596633936749,1.1091681512247928
C_wide,46,lung,10817706,1.53125,0.07646392345324987,0.9933466740735797,0.9868054713441792,0.9935186228126194,0.9984127789194686,0.08629654645720815,0.7761111111111108
C_wide,46,heart,10817706,1.53125,0.04944265181095236,0.9670687896034849,0.9368583819725345,0.97546113503074,0.9969468547379639,0.3341381463268205,1.0297551004863137
C_wide,47,lung,10817706,1.53125,0.09835117785260081,0.9928841328041151,0.9858989940780238,0.9932656264178563,0.9982398968561005,0.09178955525321277,0.817162297568739
C_wide,47,heart,10817706,1.53125,0.06485033213781814,0.9619676030198829,0.92755035317838,0.9554391712859621,0.9977248755326825,0.38272281517087037,1.1060224704581987
C_wide,48,lung,10817706,1.53125,0.08922857101489272,0.9922873027117467,0.9847331403541376,0.9880698899555793,0.9991933707594531,0.098053120451646,0.7999196328107367
C_wide,48,heart,10817706,1.53125,0.061514131419567596,0.963123220221214,0.9293933041222879,0.9711957688847951,0.9966810550811096,0.37373802719253574,1.029363666339511
C_wide,49,lung,10817706,1.53125,0.06775199812836945,0.9943170940789554,0.9887198810743358,0.9955864849445671,0.9982775048997865,0.07374117000828864,0.6542061487843692
C_wide,49,heart,10817706,1.53125,0.042904834169894455,0.971277362548672,0.9446828276721874,0.9639506774195913,0.9984975755370173,0.2908724431885972,0.9951697830766091
C_wide,5,lung,10817706,1.53125,0.07443386100025641,0.9941833218376007,0.9884501809613921,0.992832569989003,0.9989318257715263,0.07573345156446129,0.7152777777777771
C_wide,5,heart,10817706,1.53125,0.04723795913418548,0.9697803837841276,0.9418616430657036,0.9659190739228023,0.9981062038695018,0.3082944595977402,1.0166924803090454
C_wide,50,lung,10817706,1.53125,0.09946905522503786,0.993036112020463,0.9861955753358242,0.9972015910946782,0.9972390567116501,0.09041847434571068,0.7854758898432209
C_wide,50,heart,10817706,1.53125,0.055943124508485195,0.9674362440952545,0.9373588458203332,0.9743120614494757,0.9970954031785705,0.325818890713196,1.0186879709157324
C_wide,51,lung,10817706,1.53125,0.14950225446373225,0.9907224666108365,0.9816589238957717,0.9921427275282361,0.9973806088666767,0.11833742371458052,0.9280885541740603
C_wide,51,heart,10817706,1.53125,0.07701988177787926,0.9649160867163643,0.9326122256038765,0.9529647322719351,0.998389571999666,0.3527194811618235,1.0107777877482638
C_wide,52,lung,10817706,1.53125,0.08018178153886563,0.992802032505815,0.9857379141928615,0.995202486768753,0.9976210596568903,0.09288689087937642,0.8167061487843692
C_wide,52,heart,10817706,1.53125,0.04684622247651633,0.9685888063737857,0.9395991889887357,0.964237710703596,0.9980552018320942,0.31803398939900457,1.0281678089707238
C_wide,53,lung,10817706,1.53125,0.09056302316797277,0.9938656659144669,0.9878297651597939,0.992877918609784,0.9987337108266711,0.07943718651062366,0.7233333333333325
C_wide,53,heart,10817706,1.53125,0.05507778061243395,0.9659790004189849,0.9346959598050576,0.9631662405656014,0.997755394462217,0.34026847639052693,1.0226830406362626
C_wide,54,lung,10817706,1.53125,0.11048133582290676,0.9911437483639427,0.9825135626057896,0.9938766764158067,0.9972628662444654,0.11165833771064015,0.8582284351011348
C_wide,54,heart,10817706,1.53125,0.06838637890501155,0.9564971272145458,0.9178604365076707,0.9427971688058486,0.9979170168106094,0.4345366565673082,1.1306892067584253
C_wide,55,lung,10817706,1.53125,0.06423674099561241,0.9949057723741405,0.9898774602007628,0.9941990221554513,0.998922592845018,0.06643230728994697,0.6159722222222213
C_wide,55,heart,10817706,1.53125,0.044641998280874555,0.9724271525820689,0.9467955619199201,0.9748129732654137,0.9978087533881776,0.2814588768593643,0.9909980358646008
C_wide,56,lung,10817706,1.53125,0.09909494957990117,0.9921758841369765,0.984514650008541,0.9884598155850249,0.9990379399017077,0.0994005653804823,0.8218845197909612
C_wide,56,heart,10817706,1.53125,0.06040358354544474,0.9653025689839022,0.9336455910533782,0.9566610345097596,0.9981835141887235,0.34803115602994017,1.0653202360100376
C_wide,57,lung,10817706,1.53125,0.068207767041814,0.9948887000161679,0.9898455967364599,0.9961125855815413,0.9984735184567932,0.06663589415256328,0.5887499999999992
C_wide,57,heart,10817706,1.53125,0.041953817641155584,0.972727332353091,0.9473316044544187,0.9672442655775753,0.9984410234221139,0.27833365565792223,0.9757294271393205
C_wide,6,lung,10817706,1.53125,0.09219866537799438,0.9924449059082637,0.9850411930317137,0.9882838732158152,0.9992046942904655,0.09625434649198356,0.7977178531242944
C_wide,6,heart,10817706,1.53125,0.06613775027605394,0.9573620837542545,0.9189466898570063,0.937309661154279,0.9985118246621969,0.4234576411727901,1.168133684219014
C_wide,7,lung,10817706,1.53125,0.09146601452181737,0.9911867870173126,0.9825955628733232,0.9845560153180015,0.9994875062163664,0.11039878483700274,0.8578914341468025
C_wide,7,heart,10817706,1.53125,0.06321677659483006,0.9643775167655483,0.9318282523903166,0.9591106312441989,0.9978456973064039,0.3602539712060936,1.0524766566770376
C_wide,8,lung,10817706,1.53125,0.08634737969583108,0.9920034605875906,0.9841743381347224,0.9881016369370441,0.9990802642492235,0.1018949178837156,0.8477763748239211
C_wide,8,heart,10817706,1.53125,0.0618066145779772,0.964129716470233,0.9315844737669974,0.9543631693397744,0.9981900544821823,0.3631485112702251,1.0983901220984595
C_wide,9,lung,10817706,1.53125,0.08783778497535322,0.9929935631154388,0.9861146911825892,0.991062625911286,0.9987578470340487,0.08973358698619245,0.7894543149738701
C_wide,9,heart,10817706,1.53125,0.0575869033113122,0.9611684969531077,0.9267805050725466,0.9600862272778631,0.9971855254791538,0.39836580346259287,1.2059581562080024
D,0,lung,10811298,1.0,0.08706805914536947,0.9938148828888067,0.987725770311273,0.9923173706058647,0.9988586431817155,0.08027784797613885,0.7362499999999994
D,0,heart,10811298,1.0,0.05482759980691804,0.9657027872563813,0.934054525733303,0.9677020238979916,0.9973531661304592,0.34906857960444504,1.016170624848923
D,1,lung,10811298,1.0,0.07740561090823676,0.9933153962278279,0.9867555617827726,0.9901023480933357,0.9991613778313201,0.08537055125820078,0.725812890797553
D,1,heart,10811298,1.0,0.050282648764550686,0.967521083157263,0.9375642641018582,0.9515169415850873,0.9989035671315629,0.3265595919570215,1.0302218212770375
D,10,lung,10811298,1.0,0.07434989606133766,0.9944219488538896,0.9889240133569308,0.9936329596549504,0.998855760814931,0.07242146015821516,0.6529166666666663
D,10,heart,10811298,1.0,0.04475737420531611,0.9712594373900673,0.9445048338968298,0.9539894597360448,0.9992542901369398,0.2908977172829518,1.0042442279482162
D,11,lung,10811298,1.0,0.09524928507291608,0.9935317173125351,0.9871708114970883,0.9928403663152321,0.9986131056346571,0.08363888655910004,0.748333333333333
D,11,heart,10811298,1.0,0.06314242954055468,0.9656074613657694,0.9346596507158719,0.9631599211625936,0.9976028543483111,0.3517583872935736,1.1472887228363218
D,12,lung,10811298,1.0,0.08018293068226841,0.9937942069080967,0.9876905714922698,0.9937204069167084,0.9985321982325018,0.07991665659648607,0.7145234086798501
D,12,heart,10811298,1.0,0.05525526941960884,0.9679621403252165,0.9384062951880389,0.9673153386802593,0.9977322186734408,0.3224997528067812,1.0317125119291541
D,13,lung,10811298,1.0,0.06908953158288367,0.993994340972015,0.9880857085773169,0.9957131379556124,0.9980838530558084,0.07775273269403472,0.6643845197909611
D,13,heart,10811298,1.0,0.04383615333742152,0.9722225478063362,0.9464026064206273,0.9732659467847838,0.9979055182205183,0.28424027245013817,0.9814688451624803
D,14,lung,10811298,1.0,0.07562411514421304,0.9943380755912732,0.9887627981713728,0.994392049217352,0.9986080979540468,0.07335507195438347,0.6336111111111107
D,14,heart,10811298,1.0,0.045854299148130745,0.9710367124257099,0.9440867210820926,0.9704068732432587,0.997941818621687,0.29643281852994535,0.9877631172642678
D,15,lung,10811298,1.0,0.07271587872981197,0.993916847524304,0.987928458399996,0.9924308150060495,0.9988423591495146,0.07824976796327435,0.7138888888888882
D,15,heart,10811298,1.0,0.04303099238831136,0.9729425077457541,0.947719611592789,0.9705382443345512,0.9982212729769322,0.2758580580601656,0.9788200857441658
D,16,lung,10811298,1.0,0.06962336713655128,0.9944910584053472,0.9890627394523307,0.9970401135339824,0.998012719095385,0.07175225884572603,0.6219839265621465
D,16,heart,10811298,1.0,0.045887816943124764,0.9721925925084619,0.9463292194445694,0.9723309134371922,0.9979637786352937,0.2840266163136488,1.0059092428053307
D,17,lung,10811298,1.0,0.07831788876404365,0.9933771267646466,0.9868685666622576,0.9948924469676026,0.9980356375562279,0.08537111879278661,0.7628172598954802
D,17,heart,10811298,1.0,0.05504905584578713,0.9697647315634479,0.9416884437227946,0.9612507261041454,0.9984653752165905,0.30653793817631836,1.0048654901795244
D,18,lung,10811298,1.0,0.0892312013440662,0.9908098526057182,0.981844277384281,0.9887506816904366,0.998205896723703,0.11618605257959923,0.9311467952829156
D,18,heart,10811298,1.0,0.05548770028528654,0.9669379074114934,0.9364175779642083,0.9711319626574715,0.9972709361941254,0.33706586865413785,1.008475689830724
D,19,lung,10811298,1.0,0.06447452223963207,0.9946425763727802,0.9893588049026812,0.9937650875221326,0.9989172240576775,0.06942428765378603,0.6265277777777771
D,19,heart,10811298,1.0,0.04563131309890499,0.9708295658015594,0.943789428430188,0.9695512120415953,0.99797953000417,0.29809849370610086,1.0048450476437445
D,2,lung,10811298,1.0,0.09317429400463072,0.9935353472174134,0.9871813228944494,0.9933670364196828,0.9984099378554144,0.08295609114990911,0.7517061487843694
D,2,heart,10811298,1.0,0.055124159873877136,0.9624793149512791,0.9282992523672369,0.9764404996149062,0.996166290785672,0.3800132186772345,1.0675825214724775
D,20,lung,10811298,1.0,0.08281460867987739,0.994192249210109,0.9884703645426738,0.9950002902000468,0.9983745635826934,0.07550220993838888,0.6879840668575323
D,20,heart,10811298,1.0,0.04957736483775079,0.970028639971081,0.9422291182837854,0.9783823540885322,0.9971707959915688,0.30686249306968305,1.0104210457350797
D,21,lung,10811298,1.0,0.07344966409727931,0.9936560549389327,0.9874172107643856,0.9923202838975653,0.9988290703138729,0.08198172138384884,0.7237499999999992
D,21,heart,10811298,1.0,0.051778879402101866,0.9602849365627327,0.9244879293589935,0.9351718202364547,0.9991598164249619,0.3916939844935614,1.0775327721126742
D,22,lung,10811298,1.0,0.10094624629451168,0.9926051756021466,0.9853469939528909,0.9905466198103341,0.9987351820066803,0.09519004021262949,0.8451783710065914
D,22,heart,10811298,1.0,0.05582723485616346,0.9629738530030104,0.9289539212604634,0.969885914418093,0.9967624649844185,0.37122895185432225,1.0429955105476592
D,23,lung,10811298,1.0,0.09171843467694189,0.9925151867262735,0.9851894759204551,0.990796874656112,0.9985499321668659,0.09506911151570906,0.7951480579413859
D,23,heart,10811298,1.0,0.055983348635749684,0.9642747127360508,0.931445248856223,0.9575973772244427,0.9979349170694508,0.36095499491911237,1.0465760180323076
D,24,lung,10811298,1.0,0.0724262845547249,0.9941479829931559,0.9883879306893883,0.9925195079092298,0.9989646636219368,0.07548594808673176,0.6583333333333327
D,24,heart,10811298,1.0,0.048874878314220244,0.967756513053445,0.9379809421601809,0.9829171373314515,0.9964723619993673,0.32863989898779283,1.0142772265667213
D,25,lung,10811298,1.0,0.08863515323027968,0.9921045239494851,0.9843589499377848,0.9909088363948546,0.9983147261079597,0.10198106130265489,0.8796622975687393
D,25,heart,10811298,1.0,0.0522169007661028,0.9717391361791616,0.9454202313970048,0.9629870385519447,0.9986257916240765,0.2873749008288944,0.9909429011952022
D,26,lung,10811298,1.0,0.08266937063696483,0.9935680082468019,0.9872400482528121,0.9921192171720397,0.9988055451675175,0.08318401610378423,0.7827777777777774
D,26,heart,10811298,1.0,0.05135046487881078,0.9692192295843619,0.9407134390134145,0.963279609664511,0.9982365395428777,0.31044596264409513,1.0090244168336908
D,27,lung,10811298,1.0,0.08255945126422577,0.9933933833148717,0.9868975072099037,0.9949029986553002,0.998078702890736,0.08524914926891726,0.7515672598954805
D,27,heart,10811298,1.0,0.05252028671610687,0.9664199765390771,0.9356439019489602,0.9645516580735978,0.9977183101569365,0.34210407884215577,1.0474423499841459
D,28,lung,10811298,1.0,0.13029848736607366,0.9902644334178794,0.9807971245357063,0.9972817376111168,0.9959662132027669,0.12248405608704616,0.8835293409679918
D,28,heart,10811298,1.0,0.07537865974526438,0.960547463454283,0.9247072148438709,0.9597590157267701,0.9972137919547789,0.39261284670252855,1.0862056075437991
D,29,lung,10811298,1.0,0.1007867740881112,0.9923244265421817,0.9848028203095154,0.9881179363376186,0.9991480823732601,0.09769293363286234,0.81846404520791
D,29,heart,10811298,1.0,0.057764388796769914,0.9661307546866267,0.9348626876859603,0.9744117700754013,0.9968898546598505,0.3414771714733028,1.0163605599000545
D,3,lung,10811298,1.0,0.10446805844290388,0.9928746652580186,0.985871640305783,0.9902349386150743,0.9989528383480727,0.09183808458735242,0.8456944444444441
D,3,heart,10811298,1.0,0.059181359006712835,0.9637971398280317,0.9305804466797011,0.9697633651406075,0.9968957126663731,0.36487202039196953,1.032085607970962
D,30,lung,10811298,1.0,0.06148938721873694,0.9948102396647408,0.9896911694933215,0.9956595204724386,0.9985261408151859,0.06752461668103624,0.5993055555555549
D,30,heart,10811298,1.0,0.04541266894278427,0.9721564190502745,0.9461908907425578,0.9700620968739082,0.9981399073255817,0.2845910927028367,0.9915672598954808
D,31,lung,10811298,1.0,0.12387375057571465,0.98668643174241,0.9738854883372207,0.9941956917613696,0.9951002423859361,0.15936022951972614,1.006090133017223
D,31,heart,10811298,1.0,0.07756431613427897,0.9647639114056931,0.9322389606767573,0.9499438364739046,0.9986040110624951,0.3522765545545697,1.022668089561495
D,32,lung,10811298,1.0,0.059579793539726075,0.994808581895191,0.989686397102563,0.9938773609042143,0.9989451019268257,0.06744062746524879,0.5979166666666658
D,32,heart,10811298,1.0,0.04046053630041165,0.9723269605491208,0.946586310658215,0.9747461744408576,0.997792378196714,0.28317977102744324,1.0017557919927558
D,33,lung,10811298,1.0,0.07270994209684431,0.993922734356964,0.9879408262589164,0.9940165854715062,0.9984513916708517,0.07851207105360887,0.6851783710065914
D,33,heart,10811298,1.0,0.0473591234586719,0.9717112508097985,0.945395248433561,0.9648085902311722,0.9984782397445593,0.2899158182730307,0.9861505932288139
D,34,lung,10811298,1.0,0.06869774494423635,0.9937578009968023,0.9876163557747756,0.9913449825416272,0.9991036557561748,0.08100490286885419,0.765555555555555
D,34,heart,10811298,1.0,0.04736505074478272,0.9692009590798805,0.9406026044200827,0.9551298167213972,0.9988599456021071,0.31266882617980546,1.0180905382504315
D,35,lung,10811298,1.0,0.10188857579810752,0.9902159748845747,0.9806892211088061,0.9887881745219292,0.9979014718930638,0.12282521008428356,0.9621790227368945
D,35,heart,10811298,1.0,0.0584936805224667,0.9653199953370369,0.9334515922384621,0.9555034414132024,0.9982525968938575,0.3524653497102485,1.0125167237517305
D,36,lung,10811298,1.0,0.08253883828098575,0.9929645152858645,0.9860601337005223,0.9907505721261768,0.9988512548081483,0.08999719960641438,0.7533333333333329
D,36,heart,10811298,1.0,0.0535952289433529,0.9670427637144725,0.9366815833928317,0.96338763353736,0.997899423937725,0.33432766652112944,1.0308114878436971
D,37,lung,10811298,1.0,0.06857567734809386,0.9941172510454531,0.9883237273951561,0.9931809021062109,0.9987643004710514,0.07607623057763432,0.6885117043399245
D,37,heart,10811298,1.0,0.05231269071033846,0.9708864420717161,0.9438601609996737,0.9654390266053431,0.998307111871235,0.29501128898444084,1.0012387265167177
D,38,lung,10811298,1.0,0.08409918891265988,0.9923764126508406,0.984925740773159,0.9923693302006429,0.9981587934181322,0.09693762987158,0.78977426042265
D,38,heart,10811298,1.0,0.05994291649096542,0.9676990622955783,0.9377940729892335,0.9554275397214809,0.9986089779396776,0.3296961082533055,0.9962115099204826
D,39,lung,10811298,1.0,0.06845372632766764,0.9937959499444724,0.987702055787457,0.9935224669074887,0.9985101064242621,0.07965399409014008,0.6767061487843691
D,39,heart,10811298,1.0,0.04791295608609087,0.9706623870730482,0.9433758338983089,0.97810369953953,0.9972901207879039,0.2991825175259525,1.0008771945194497
D,4,lung,10811298,1.0,0.06602321106733547,0.9941972434172451,0.9884847680934153,0.9922319876209909,0.9990552611979009,0.07466607990325383,0.6616666666666661
D,4,heart,10811298,1.0,0.04244425966818299,0.9728996616215116,0.9476140454436975,0.9677564526849863,0.9984298300690742,0.2762061505589051,0.9704390932788175
D,40,lung,10811298,1.0,0.08991507494097782,0.9945428676910198,0.9891632578982215,0.9942040807416567,0.9987838689760417,0.0707503252088238,0.6368055555555551
D,40,heart,10811298,1.0,0.04727468585026347,0.97032631643381,0.9427318476256832,0.9678787005994849,0.9980303964132834,0.3018486239512116,1.0021016714383282
D,41,lung,10811298,1.0,0.0639195147384372,0.9945263071216557,0.989129273635384,0.9934902525440189,0.9988942277635235,0.07084668726823229,0.6709722222222215
D,41,heart,10811298,1.0,0.040472400899873015,0.9743955392225404,0.9504415015148734,0.9722065559808654,0.998305646339631,0.26176543518339784,0.9557158790184096
D,42,lung,10811298,1.0,0.0761209980946862,0.9932050871045569,0.9865356273303296,0.9915978620438962,0.9987522166395528,0.08679400705002298,0.756535253315161
D,42,heart,10811298,1.0,0.07323063056295116,0.9630041114071285,0.9298953509981638,0.9471840793863688,0.9985000656324726,0.3919672478524437,1.2044511570418688
D,43,lung,10811298,1.0,0.10590174070869883,0.9901036130926582,0.9804878055696199,0.9852096870438254,0.998796889106035,0.12335092056487691,0.9170618760190736
D,43,heart,10811298,1.0,0.07140231679400635,0.9633219334908188,0.9297227090166571,0.9502153545340393,0.9983747818735194,0.36932218629791386,1.0310837741604624
D,44,lung,10811298,1.0,0.08199406755674217,0.9948069321835354,0.9896852465741105,0.9957046828542327,0.9985116942476768,0.06744163502880862,0.5758333333333325
D,44,heart,10811298,1.0,0.04269821097453435,0.9717275492330656,0.9454853489288942,0.963677514127514,0.9985756549287158,0.2869096834980178,0.9791315636173769
D,45,lung,10811298,1.0,0.10682296239667469,0.9916076773267118,0.9834145468235429,0.9899550723155449,0.9983645382367603,0.10556275001942975,0.8345829224176621
D,45,heart,10811298,1.0,0.0592372914776206,0.9643199289872875,0.9316074281497976,0.9583636256522688,0.9978852275736235,0.3598311112834458,1.045252134342243
D,46,lung,10811298,1.0,0.07540973184319834,0.9935630834221161,0.9872408215387521,0.995701664780259,0.9979383214162729,0.08292609156707362,0.7357618446353106
D,46,heart,10811298,1.0,0.051280768846886024,0.9607790591228539,0.9251696936233104,0.9589222557303023,0.9973163202192155,0.3947282960479181,1.1843783346177417
D,47,lung,10811298,1.0,0.09466088208783832,0.9923380918784398,0.9848286333759894,0.9883382670753899,0.99911342472261,0.09838989447492454,0.8306443903203867
D,47,heart,10811298,1.0,0.06904692890432974,0.9553976846322775,0.9154430370963028,0.9249423918702933,0.999228517088482,0.4325417350392137,1.1699197660742913
D,48,lung,10811298,1.0,0.07072842194077869,0.994050631413009,0.9881942295207512,0.9955782674386146,0.9982148429987324,0.07716973525816456,0.7045833333333329
D,48,heart,10811298,1.0,0.051255574801729785,0.9678166738292919,0.9381549896048692,0.9629905853737729,0.9980590050172231,0.3253539828281016,1.0300037581697592
D,49,lung,10811298,1.0,0.07027513046955897,0.9936817468159664,0.9874676294801671,0.99615869758132,0.997907615037907,0.08159235414654607,0.7211505932288137
D,49,heart,10811298,1.0,0.04668534443092843,0.9707471901229956,0.9436156705983298,0.973146795815875,0.9976830775532349,0.29926796029346286,0.9959667307612096
D,5,lung,10811298,1.0,0.0749080981179658,0.9945120703375562,0.9891035573141268,0.9960129626812402,0.9983205963054724,0.07116497932485279,0.6370833333333326
D,5,heart,10811298,1.0,0.04166539153860261,0.9713484461119135,0.9448527838399612,0.9701672385981981,0.9979960280244222,0.29092365300644357,1.0791845547835694
D,50,lung,10811298,1.0,0.06657109210371143,0.9944502538858976,0.9889863655601665,0.9931341870857422,0.9989476976884081,0.07118442289435488,0.6134722222222215
D,50,heart,10811298,1.0,0.044114366458314985,0.9724563432589283,0.9468704587181097,0.979256706047723,0.997463317901707,0.2841915880857447,1.0035086078709547
D,51,lung,10811298,1.0,0.1090598708225621,0.9913333736209097,0.98284443981508,0.988304389059758,0.9987127098300784,0.11133800984674716,0.9269543149738702
D,51,heart,10811298,1.0,0.064995658195888,0.9583690882176261,0.9207121820253962,0.9377502700984124,0.9986263465181086,0.4116403351980988,1.0978633454763664
D,52,lung,10811298,1.0,0.06844105423531599,0.994688856077328,0.989449590956899,0.9926985925795447,0.9991981686676373,0.06906458328219908,0.641388888888888
D,52,heart,10811298,1.0,0.04711623690608475,0.9711182144932603,0.9442898938428499,0.9601909134650302,0.9987603376952774,0.29256780438935925,1.0022851229902616
D,53,lung,10811298,1.0,0.09199613580066297,0.9923141311293244,0.9847872389712006,0.9944340998351894,0.9975927458731978,0.09847977330379432,0.7678945306157727
D,53,heart,10811298,1.0,0.05853672310606473,0.9688904392875979,0.9401291220567856,0.9559145490770449,0.9987631223116407,0.313525458529642,1.0131028037718997
D,54,lung,10811298,1.0,0.07800734474634131,0.9937446784566142,0.9875945781317998,0.9910270670697742,0.9991392149804024,0.08021830083309928,0.7077777777777775
D,54,heart,10811298,1.0,0.04517090881709009,0.9712302649736894,0.9445100006936765,0.9652616157624736,0.9983833662413711,0.29173041381801623,1.0082662237037243
D,55,lung,10811298,1.0,0.06868266347381803,0.9946415877536706,0.9893583155189354,0.9960507358519566,0.9983556497008745,0.0696980930419305,0.6238888888888884
D,55,heart,10811298,1.0,0.04854798062911464,0.9710491161600753,0.9441428305932943,0.9581671024332298,0.9988934041149188,0.29334283746799633,1.00710675198367
D,56,lung,10811298,1.0,0.06440116344019771,0.9941715015389478,0.9884350473277904,0.9924624219421554,0.9989819392554677,0.07495834655594151,0.6800789642354053
D,56,heart,10811298,1.0,0.04201933149920983,0.9736752455540626,0.949145710294635,0.9772908380170843,0.9978045947632018,0.2714846205415338,0.9498644981413384
D,57,lung,10811298,1.0,0.07083980244998303,0.994017386354468,0.9881328347459454,0.9920108161436582,0.9990128172600251,0.07671523374660175,0.6736111111111106
D,57,heart,10811298,1.0,0.04371786549066504,0.9720851682386497,0.9461266997006618,0.969989092310909,0.9981327739706103,0.2837161125614947,0.9792210998591369
D,6,lung,10811298,1.0,0.0782445922597415,0.993815463127666,0.9877396665872816,0.9918885231086465,0.9989675316100005,0.07940124702926303,0.6842061487843689
D,6,heart,10811298,1.0,0.04881213814692779,0.9639062142789705,0.9312876227100592,0.9760684184835681,0.9963693985290679,0.3666813454016249,1.2901287587183432
D,7,lung,10811298,1.0,0.06828888460165924,0.9934656199043005,0.9870424207273116,0.9932252069227521,0.9985144188794272,0.08434916693313863,0.7552777777777774
D,7,heart,10811298,1.0,0.042216018652026024,0.9722794349460167,0.9464706594447988,0.9735288678791609,0.9978858249106919,0.2835938743387139,0.9666183060577235
D,8,lung,10811298,1.0,0.07581649158253438,0.9940493859640842,0.9881889286051455,0.992436102799276,0.9989444997513183,0.07695636152333012,0.7406944444444442
D,8,heart,10811298,1.0,0.052023225536362995,0.96567776084336,0.9342224701517459,0.9528514821816743,0.9985339384881102,0.34054602239269305,1.0904089532533052
D,9,lung,10811298,1.0,0.10731543584002388,0.9927893899380323,0.9857072043701025,0.9915010833294094,0.9985999661198776,0.09312831859072018,0.8218055555555553
D,9,heart,10811298,1.0,0.07005807580426335,0.9609772690769881,0.9253434870023993,0.9445495444824915,0.9984720138432719,0.389881730671446,1.0829203822274371
