channel,snr_db,n,control_mean_dsc,control_error_pts,raw_diff_pts,raw_ci_lo,raw_ci_hi,rel_err_reduction_pct,rel_ci_lo,rel_ci_hi,seeds_positive
heart,60,58,0.9677572934897101,3.224270651029002,0.1602994969766613,-0.05478885824848355,0.3887675764317768,1.1127810580380713,-4.933910076318622,7.0250291515820775,31
heart,50,58,0.9675325162147161,3.2467483785283804,0.16877015209445664,-0.044738386265514914,0.39724084972617807,1.4040818346906998,-4.542990058590184,7.317234101206323,32
heart,40,58,0.9656835573494732,3.4316442650526864,0.22336831718706665,0.01986622705935638,0.44023378031189536,3.472559316830972,-1.9279804844465795,8.777883270098057,32
heart,35,58,0.9617560888102377,3.8243911189762474,0.34214929025123136,0.15715212568090442,0.537744904464428,7.024407021826013,2.7688737597880615,11.251626781233186,40
heart,30,58,0.9517781374837639,4.822186251623604,0.6185005664167831,0.4632910937392854,0.7791563721968732,12.048175394937472,9.225428904579564,14.883920911830504,47
heart,25,58,0.928231732272633,7.176826772736712,1.1316912205208665,0.9316731084275531,1.3269113643546846,15.298733977487263,12.626047186221871,17.87254428617475,52
heart,20,58,0.8775175022640188,12.248249773598126,2.0971067550372826,1.6435792110678071,2.543016693178286,16.1626836838196,12.51777258999245,19.686983361987078,50
lung,60,58,0.9942079022614653,0.5792097738534653,-0.00977921946403142,-0.07171371501012361,0.05344039030737497,-8.725908070767762,-19.73199404109656,1.2702569026942798,27
lung,50,58,0.9941015175853887,0.5898482414611358,-0.008699930148368232,-0.06988679728823173,0.05361154024267668,-7.996901023587049,-18.559223286887214,1.5142249523181328,27
lung,40,58,0.9933493199685557,0.6650680031444385,-0.0044107212218767585,-0.06153595392645634,0.053731947027751865,-5.0684137297882765,-13.559922909059512,2.68001118839051,27
lung,35,58,0.9920175586401406,0.7982441359859457,-0.001773141687602388,-0.05384669395125573,0.050755897064283094,-2.736150134631705,-9.048951461487386,3.0448797121740734,26
lung,30,58,0.9890652788034757,1.093472119652413,0.0033200878540224758,-0.040775900300336045,0.04781687874446127,-0.690520454054481,-4.5460625677951345,2.9184413993594824,30
lung,25,58,0.9832818220568151,1.6718177943184882,0.011615946914428164,-0.02508069840931212,0.04836072489663773,0.370620868969686,-1.7425692422428176,2.399399503317996,30
lung,20,58,0.9728680320232962,2.7131967976703857,0.02473612148733505,-0.009592839773757866,0.05840337903718858,0.8015715868622426,-0.4400024552038335,1.9821583902425854,32
